mirna_id	mirna_seq
hsa-let-7a-2-3p	CTGTACAGCCTCCTAGCTTTCC
hsa-let-7a-3p	CTATACAATCTACTGTCTTTC
hsa-let-7a-5p	TGAGGTAGTAGGTTGTGTGGTT
hsa-let-7b-3p	CTATACAACCTACTGCCTTCCC
hsa-let-7b-5p	TGAGGTAGTAGGTTGTGTGGTT
hsa-let-7c-5p	TGAGGTAGTAGGTTGTATGGTT
hsa-let-7d-3p	CTATACGACCTGCTGCCTTTCT
hsa-let-7d-5p	AGAGGTAGTAGGTTGCATAGTT
hsa-let-7e-3p	CTATACGGCCTCCTAGCTTTCC
hsa-let-7e-5p	TGAGGTAGGAGGTTGTATAGTT
hsa-let-7f-1-3p	CTATACAATCTATTGCCTTCCC
hsa-let-7f-2-3p	CTATACAGTCTACTGTCTTTCC
hsa-let-7f-5p	TGAGGTAGTAGATTGTATAGTT
hsa-let-7g-3p	CTGTACAGGCCACTGCCTTGC
hsa-let-7g-5p	TGAGGTAGTAGTTTGTACAGTT
hsa-let-7i-3p	CTGCGCAAGCTACTGCCTTGCT
hsa-let-7i-5p	TGAGGTAGTAGTTTGTGCTGTT
hsa-miR-1-3p	TGGAATGTAAAGAAGTATGTAT
hsa-miR-100-5p	AACCCGTAGATCCGAACTTGTG
hsa-miR-101-2-5p	TCGGTTATCATGGTACCGATGC
hsa-miR-101-3p	TACAGTACTGTGATAACTGAA
hsa-miR-101-5p	CAGTTATCACAGTGCTGATGCT
hsa-miR-10226	CCATGTGTCTGGGCTGGGAAAC
hsa-miR-10392-5p	GCGCTTCGACGGGCTGGGCTGTG
hsa-miR-10393-3p	TGGTCAGATTTGAACTCTTCAA
hsa-miR-10393-5p	AGAATTCTCTTATCCAACATCAACA
hsa-miR-10394-3p	TGGGCGCGCCGGGACTGTGAGAC
hsa-miR-10394-5p	TCTGCAGGTCCTGGTGAACGCCAT
hsa-miR-10395-3p	ATGTATTCGTACTGTCTGATG
hsa-miR-10395-5p	GTGATGGAGAGCAATACC
hsa-miR-10397-3p	CATAGATCTCGTCGCTTACTGGGA
hsa-miR-10397-5p	TCCTTGACCTGATGCTGTAGGG
hsa-miR-10398-3p	GCCCGGAGAGCTGGGAGCCAG
hsa-miR-10398-5p	TGGCTCCCTTCTCTCCGTCTG
hsa-miR-10399-3p	CTCTCGGACAAGCTGTAGGTC
hsa-miR-10399-5p	AATTACAGATTGTCTCAGAGA
hsa-miR-103a-1-5p	AGCTTCTTTACAGTGCTGCCTTG
hsa-miR-103a-2-5p	AGCTTCTTTACAGTGCTGCCTTG
hsa-miR-103a-3p	AGCAGCATTGTACAGGGCTATGA
hsa-miR-103b	TCATAGCCCTGTACAATGCTGCT
hsa-miR-10400-3p	CTGGGCTCCCGGACGAGGCGGG
hsa-miR-10400-5p	CGGCGGCGGCGGCTCTGGGCG
hsa-miR-105-5p	TCAAATGCTCAGACTCCTGTGGT
hsa-miR-10524-5p	CAGGATGCCAGCATAGT
hsa-miR-10527-5p	AAAGCAAATGTTGGGTGAACGGC
hsa-miR-106a-5p	AAAAGTGCTTACAGTGCAGGTAG
hsa-miR-106b-3p	CCGCACTGTGGGTACTTGCTGC
hsa-miR-106b-5p	TAAAGTGCTGACAGTGCAGAT
hsa-miR-107	AGCAGCATTGTACAGGGCTATCA
hsa-miR-10a-3p	CAAATTCGTATCTAGGGGAATA
hsa-miR-10a-5p	TACCCTGTAGATCCGAATTTGTG
hsa-miR-10b-3p	ACAGATTCGATTCTAGGGGAAT
hsa-miR-10b-5p	TACCCTGTAGAACCGAATTTGTG
hsa-miR-11400	TCGGCTGTGTATCTCTGTGTC
hsa-miR-1178-3p	TTGCTCACTGTTCTTCCCTAG
hsa-miR-1179	AAGCATTCTTTCATTGGTTGG
hsa-miR-1180-3p	TTTCCGGCTCGCGTGGGTGTGT
hsa-miR-1180-5p	GGACCCACCCGGCCGGGAATA
hsa-miR-1181	CCGTCGCCGCCACCCGAGCCG
hsa-miR-1182	GAGGGTCTTGGGAGGGATGTGAC
hsa-miR-1183	CACTGTAGGTGATGGTGAGAGTGGGCA
hsa-miR-1202	GTGCCAGCTGCAGTGGGGGAG
hsa-miR-1203	CCCGGAGCCAGGATGCAGCTC
hsa-miR-1204	TCGTGGCCTGGTCTCCATTAT
hsa-miR-1207-3p	TCAGCTGGCCCTCATTTC
hsa-miR-12116	TTAGGCTTCCCCCTCCTCCTGC
hsa-miR-12121	CTGCCACGAGCGTGCGGGCCT
hsa-miR-12127	TAGAGGTTCTAATGGTCCAGGGTTA
hsa-miR-12128	TTCAGGGATGGCGCATGAAGAGGAGA
hsa-miR-12129	GATGTACTGAACTGGGTCAGAC
hsa-miR-12131	TTTGGAGAGGTGTACTCCCA
hsa-miR-12133	CTTGGCACCATTAAAAAGTACA
hsa-miR-12135	TAAAGGTTTGTTTGTAAA
hsa-miR-122-5p	TGGAGTGTGACAATGGTGTTTG
hsa-miR-1225-3p	TGAGCCCCTGTGCCGCCCCCAG
hsa-miR-1226-3p	TCACCAGCCCTGTGTTCCCTAG
hsa-miR-1226-5p	GTGAGGGCATGCAGGCCTGGATGGGG
hsa-miR-1227-3p	CGTGCCACCCTTTTCCCCAG
hsa-miR-1233-3p	TGAGCCCTGTCCTCCCGCAG
hsa-miR-1233-5p	AGTGGGAGGCCAGGGCACGGCA
hsa-miR-1236-3p	CCTCTTCCCCTTGTCTCTCCAG
hsa-miR-1236-5p	TGAGTGACAGGGGAAATGGGGA
hsa-miR-1238-3p	CTTCCTCGTCTGTCTGCCCC
hsa-miR-1238-5p	GTGAGTGGGAGCCCCAGTGTGTG
hsa-miR-124-3p	TAAGGCACGCGGTGAATGCCAA
hsa-miR-1243	AACTGGATCAATTATAGGAGTG
hsa-miR-1244	AAGTAGTTGGTTTGTATGAGATGGTT
hsa-miR-1246	AATGGATTTTTGGAGCAGG
hsa-miR-1247-5p	ACCCGTCCCGTTCGTCCCCGGA
hsa-miR-1249-5p	AGGAGGGAGGAGATGGGCCAAGTT
hsa-miR-1250-5p	ACGGTGCTGGATGTGGCCTTT
hsa-miR-1251-3p	CGCTTTGCTCAGCCAGTGTAG
hsa-miR-1252-3p	CAAATGAGCTTAATTTCCTTTT
hsa-miR-1252-5p	AGAAGGAAATTGAATTCATTTA
hsa-miR-1253	AGAGAAGAAGATCAGCCTGCA
hsa-miR-1255a	AGGATGAGCAAAGAAAGTAGATT
hsa-miR-1255b-2-3p	AACCACTTTCTTTGCTCATCCA
hsa-miR-1255b-5p	CGGATGAGCAAAGAAAGTGGTT
hsa-miR-1256	AGGCATTGACTTCTCACTAGCT
hsa-miR-1258	AGTTAGGATTAGGTCGTGGAA
hsa-miR-125a-3p	ACAGGTGAGGTTCTTGGGAGCC
hsa-miR-125a-5p	TCCCTGAGACCCTTTAACCTGTGA
hsa-miR-125b-2-3p	TCACAAGTCAGGCTCTTGGGAC
hsa-miR-125b-5p	TCCCTGAGACCCTAACTTGTGA
hsa-miR-126-3p	TCGTACCGTGAGTAATAATGCG
hsa-miR-126-5p	CATTATTACTTTTGGTACGCG
hsa-miR-1262	ATGGGTGAATTTGTAGAAGGAT
hsa-miR-1266-5p	CCTCAGGGCTGTAGAACAGGGCT
hsa-miR-1267	CCTGTTGAAGTGTAATCCCCA
hsa-miR-1269b	CTGGACTGAGCCATGCTACTGG
hsa-miR-1271-3p	AGTGCCTGCTATGTGCCAGGCA
hsa-miR-1271-5p	CTTGGCACCTAGCAAGCACTCA
hsa-miR-1272	GATGATGATGGCAGCAAATTCTGAAA
hsa-miR-1273c	GGCGACAAAACGAGACCCTGTC
hsa-miR-1273h-3p	CTGCAGACTCGACCTCCCAGGC
hsa-miR-1273h-5p	CTGGGAGGTCAAGGCTGCAGT
hsa-miR-1276	TAAAGAGCCCTGTGGAGACA
hsa-miR-1277-3p	TACGTAGATATATATGTATTTT
hsa-miR-1277-5p	AAATATATATATATATGTACGTAT
hsa-miR-1278	TAGTACTGTGCATATCATCTAT
hsa-miR-128-1-5p	CGGGGCCGTAGCACTGTCTGAGA
hsa-miR-128-3p	TCACAGTGAACCGGTCTCTTT
hsa-miR-1284	TCTATACAGACCCTGGCTTTTC
hsa-miR-1285-3p	TCTGGGCAACAAAGTGAGACCT
hsa-miR-1285-5p	GATCTCACTTTGTTGCCCAGG
hsa-miR-1286	TGCAGGACCAAGATGAGCCCT
hsa-miR-1287-3p	CTCTAGCCACAGATGCAGTGAT
hsa-miR-1287-5p	TGCTGGATCAGTGGTTCGAGTC
hsa-miR-1288-3p	TGGACTGCCCTGATCTGGAGA
hsa-miR-1289	TGGAGTCCAGGAATCTGCATTTT
hsa-miR-129-1-3p	AAGCCCTTACCCCAAAAAGTAT
hsa-miR-129-2-3p	AAGCCCTTACCCCAAAAAGCAT
hsa-miR-129-5p	CTTTTTGCGGTCTGGGCTTGC
hsa-miR-1290	TGGATTTTTGGATCAGGGA
hsa-miR-1292-5p	TGGGAACGGGTTCCGGCAGACGCTG
hsa-miR-1293	TGGGTGGTCTGGAGATTTGTGC
hsa-miR-1294	TGTGAGGTTGGCATTGTTGTCT
hsa-miR-1295a	TTAGGCCGCAGATCTGGGTGA
hsa-miR-1296-3p	GAGTGGGGCTTCGACCCTAACC
hsa-miR-1296-5p	TTAGGGCCCTGGCTCCATCTCC
hsa-miR-1297	TTCAAGTAATTCAGGTG
hsa-miR-1299	TTCTGGAATTCTGTGTGAGGGA
hsa-miR-1301-3p	TTGCAGCTGCCTGGGAGTGACTTC
hsa-miR-1301-5p	CGCTCTAGGCACCGCAGCA
hsa-miR-1303	TTTAGAGACGGGGTCTTGCTCT
hsa-miR-1304-5p	TTTGAGGCTACAGTGAGATGTG
hsa-miR-1305	TTTTCAACTCTAATGGGAGAGA
hsa-miR-1306-3p	ACGTTGGCTCTGGTGGTG
hsa-miR-1306-5p	CCACCTCCCCTGCAAACGTCCA
hsa-miR-1307-3p	ACTCGGCGTGGCGTCGGTCGTG
hsa-miR-1307-5p	TCGACCGGACCTCGACCGGCT
hsa-miR-130a-3p	CAGTGCAATGTTAAAAGGGCAT
hsa-miR-130b-3p	CAGTGCAATGATGAAAGGGCAT
hsa-miR-130b-5p	ACTCTTTCCCTGTTGCACTAC
hsa-miR-132-3p	TAACAGTCTACAGCCATGGTCG
hsa-miR-132-5p	ACCGTGGCTTTCGATTGTTACT
hsa-miR-1321	CAGGGAGGTGAATGTGAT
hsa-miR-1322	GATGATGCTGCTGATGCTG
hsa-miR-1323	TCAAAACTGAGGGGCATTTTCT
hsa-miR-133a-3p	TTTGGTCCCCTTCAACCAGCTG
hsa-miR-134-5p	TGTGACTGGTTGACCAGAGGGG
hsa-miR-1343-3p	CTCCTGGGGCCCGCACTCTCGC
hsa-miR-1343-5p	TGGGGAGCGGCCCCCGGGTGGG
hsa-miR-135b-3p	ATGTAGGGCTAAAAGCCATGGG
hsa-miR-135b-5p	TATGGCTTTTCATTCCTATGTGA
hsa-miR-137-3p	TTATTGCTTAAGAATACGCGTAG
hsa-miR-137-5p	ACGGGTATTCTTGGGTGGATAAT
hsa-miR-138-1-3p	GCTACTTCACAACACCAGGGCC
hsa-miR-138-5p	AGCTGGTGTTGTGAATCAGGCCG
hsa-miR-139-3p	TGGAGACGCGGCCCTGTTGGAGT
hsa-miR-139-5p	TCTACAGTGCACGTGTCTCCAGT
hsa-miR-140-3p	TACCACAGGGTAGAACCACGG
hsa-miR-140-5p	CAGTGGTTTTACCCTATGGTAG
hsa-miR-141-3p	TAACACTGTCTGGTAAAGATGG
hsa-miR-141-5p	CATCTTCCAGTACAGTGTTGGA
hsa-miR-142-3p	TGTAGTGTTTCCTACTTTATGGA
hsa-miR-142-5p	CATAAAGTAGAAAGCACTACT
hsa-miR-143-3p	TGAGATGAAGCACTGTAGCTC
hsa-miR-143-5p	GGTGCAGTGCTGCATCTCTGGT
hsa-miR-144-3p	TACAGTATAGATGATGTACT
hsa-miR-144-5p	GGATATCATCATATACTGTAAG
hsa-miR-145-3p	GGATTCCTGGAAATACTGTTCT
hsa-miR-145-5p	GTCCAGTTTTCCCAGGAATCCCT
hsa-miR-1468-5p	CTCCGTTTGCCTGTTTCGCTG
hsa-miR-1469	CTCGGCGCGGGGCGCGGGCTCC
hsa-miR-146a-3p	CCTCTGAAATTCAGTTCTTCAG
hsa-miR-146b-5p	TGAGAACTGAATTCCATAGGCTG
hsa-miR-147b-3p	GTGTGCGGAAATGCTTCTGCT
hsa-miR-147b-5p	TGGAAACATTTCTGCACAAACT
hsa-miR-148a-3p	TCAGTGCACTACAGAACTTTGT
hsa-miR-148a-5p	AAAGTTCTGAGACACTCCGACT
hsa-miR-148b-3p	TCAGTGCATCACAGAACTTTGT
hsa-miR-148b-5p	AAGTTCTGTTATACACTCAGGC
hsa-miR-149-5p	TCTGGCTCCGTGTCTTCACTCCC
hsa-miR-150-3p	CTGGTACAGGCCTGGGGGACAG
hsa-miR-150-5p	TCTCCCAACCCTTGTACCAGTG
hsa-miR-151a-3p	CTAGACTGAAGCTCCTTGAGG
hsa-miR-151a-5p	TCGAGGAGCTCACAGTCTAGT
hsa-miR-151b	TCGAGGAGCTCACAGTCT
hsa-miR-152-3p	TCAGTGCATGACAGAACTTGG
hsa-miR-153-3p	TTGCATAGTCACAAAAGTGATC
hsa-miR-153-5p	TCATTTTTGTGATGTTGCAGCT
hsa-miR-1537-3p	AAAACCGTCTAGTTACAGTTGT
hsa-miR-1537-5p	AGCTGTAATTAGTCAGTTTTCT
hsa-miR-1538	CGGCCCGGGCTGCTGCTGTTCCT
hsa-miR-1539	TCCTGCGCGTCCCAGATGCCC
hsa-miR-154-3p	AATCATACACGGTTGACCTATT
hsa-miR-15a-3p	CAGGCCATATTGTGCTGCCTCA
hsa-miR-15a-5p	TAGCAGCACATAATGGTTTGTG
hsa-miR-15b-3p	CGAATCATTATTTGCTGCTCTA
hsa-miR-15b-5p	TAGCAGCACATCATGGTTTACA
hsa-miR-16-1-3p	CCAGTATTAACTGTGCTGCTGA
hsa-miR-16-2-3p	CCAATATTACTGTGCTGCTTTA
hsa-miR-16-5p	TAGCAGCACGTAAATATTGGCG
hsa-miR-17-3p	ACTGCAGTGAAGGCACTTGTAG
hsa-miR-17-5p	CAAAGTGCTTACAGTGCAGGTAG
hsa-miR-181a-2-3p	ACCACTGACCGTTGACTGTACC
hsa-miR-181a-3p	ACCATCGACCGTTGATTGTACC
hsa-miR-181a-5p	AACATTCAACGCTGTCGGTGAGT
hsa-miR-181b-3p	CTCACTGAACAATGAATGCAA
hsa-miR-181b-5p	AACATTCATTGCTGTCGGTGGGT
hsa-miR-181c-3p	AACCATCGACCGTTGAGTGGAC
hsa-miR-181c-5p	AACATTCAACCTGTCGGTGAGT
hsa-miR-181d-5p	AACATTCATTGTTGTCGGTGGGT
hsa-miR-182-3p	TGGTTCTAGACTTGCCAACTA
hsa-miR-182-5p	TTTGGCAATGGTAGAACTCACACT
hsa-miR-183-3p	GTGAATTACCGAAGGGCCATAA
hsa-miR-183-5p	TATGGCACTGGTAGAATTCACT
hsa-miR-185-3p	AGGGGCTGGCTTTCCTCTGGTC
hsa-miR-185-5p	TGGAGAGAAAGGCAGTTCCTGA
hsa-miR-186-3p	GCCCAAAGGTGAATTTTTTGGG
hsa-miR-186-5p	CAAAGAATTCTCCTTTTGGGCT
hsa-miR-187-3p	TCGTGTCTTGTGTTGCAGCCGG
hsa-miR-187-5p	GGCTACAACACAGGACCCGGGC
hsa-miR-188-3p	CTCCCACATGCAGGGTTTGCA
hsa-miR-188-5p	CATCCCTTGCATGGTGGAGGG
hsa-miR-18a-3p	ACTGCCCTAAGTGCTCCTTCTGG
hsa-miR-18a-5p	TAAGGTGCATCTAGTGCAGATAG
hsa-miR-18b-3p	TGCCCTAAATGCCCCTTCTGGC
hsa-miR-18b-5p	TAAGGTGCATCTAGTGCAGTTAG
hsa-miR-1909-3p	CGCAGGGGCCGGGTGCTCACCG
hsa-miR-1909-5p	TGAGTGCCGGTGCCTGCCCTG
hsa-miR-190a-3p	CTATATATCAAACATATTCCT
hsa-miR-190a-5p	TGATATGTTTGATATATTAGGT
hsa-miR-190b-5p	TGATATGTTTGATATTGGGTTG
hsa-miR-191-3p	GCTGCGCTTGGATTTCGTCCCC
hsa-miR-191-5p	CAACGGAATCCCAAAAGCAGCTG
hsa-miR-1910-3p	GAGGCAGAAGCAGGATGACA
hsa-miR-1910-5p	CCAGTCCTGTGCCTGCCGCCT
hsa-miR-1911-3p	CACCAGGCATTGTGGTCTCC
hsa-miR-1912-3p	TACCCAGAGCATGCAGTGTGAA
hsa-miR-1914-3p	GGAGGGGTCCCGCACTGGGAGG
hsa-miR-1914-5p	CCCTGTGCCCGGCCCACTTCTG
hsa-miR-1915-3p	CCCCAGGGCGACGCGGCGGG
hsa-miR-1915-5p	ACCTTGCCTTGCTGCCCGGGCC
hsa-miR-192-3p	CTGCCAATTCCATAGGTCACAG
hsa-miR-192-5p	CTGACCTATGAATTGACAGCC
hsa-miR-193a-3p	AACTGGCCTACAAAGTCCCAGT
hsa-miR-193a-5p	TGGGTCTTTGCGGGCGAGATGA
hsa-miR-193b-3p	AACTGGCCCTCAAAGTCCCGCT
hsa-miR-193b-5p	CGGGGTTTTGAGGGCGAGATGA
hsa-miR-194-3p	CCAGTGGGGCTGCTGTTATCTG
hsa-miR-194-5p	TGTAACAGCAACTCCATGTGGA
hsa-miR-195-3p	CCAATATTGGCTGTGCTGCTCC
hsa-miR-195-5p	TAGCAGCACAGAAATATTGGC
hsa-miR-196a-1-3p	CAACAACATTAAACCACCCGA
hsa-miR-196a-3p	CGGCAACAAGAAACTGCCTGAG
hsa-miR-196a-5p	TAGGTAGTTTCATGTTGTTGGG
hsa-miR-196b-3p	TCGACAGCACGACACTGCCTTC
hsa-miR-196b-5p	TAGGTAGTTTCCTGTTGTTGGG
hsa-miR-197-3p	TTCACCACCTTCTCCACCCAGC
hsa-miR-1972	TCAGGCCAGGCACAGTGGCTCA
hsa-miR-1973	ACCGTGCAAAGGTAGCATA
hsa-miR-1976	CCTCCTGCCCTCCTTGCTGT
hsa-miR-198	GGTCCAGAGGGGAGATAGGTTC
hsa-miR-199a-3p	ACAGTAGTCTGCACATTGGTTA
hsa-miR-199a-5p	CCCAGTGTTCAGACTACCTGTTC
hsa-miR-199b-3p	ACAGTAGTCTGCACATTGGTTA
hsa-miR-199b-5p	CCCAGTGTTTAGACTATCTGTTC
hsa-miR-19a-3p	TGTGCAAATCTATGCAAAACTGA
hsa-miR-19a-5p	AGTTTTGCATAGTTGCACTACA
hsa-miR-19b-1-5p	AGTTTTGCAGGTTTGCATCCAGC
hsa-miR-19b-2-5p	AGTTTTGCAGGTTTGCATTTCA
hsa-miR-19b-3p	TGTGCAAATCCATGCAAAACTGA
hsa-miR-200a-3p	TAACACTGTCTGGTAACGATGT
hsa-miR-200b-3p	TAATACTGCCTGGTAATGATGA
hsa-miR-200b-5p	CATCTTACTGGGCAGCATTGGA
hsa-miR-200c-3p	TAATACTGCCGGGTAATGATGGA
hsa-miR-202-5p	TTCCTATGCATATACTTCTTTG
hsa-miR-203a-3p	GTGAAATGTTTAGGACCACTAG
hsa-miR-203b-3p	TTGAACTGTTAAGAACCACTGGA
hsa-miR-204-5p	TTCCCTTTGTCATCCTATGCCT
hsa-miR-2054	CTGTAATATAAATTTAATTTATT
hsa-miR-20a-3p	ACTGCATTATGAGCACTTAAAG
hsa-miR-20a-5p	TAAAGTGCTTATAGTGCAGGTAG
hsa-miR-20b-3p	ACTGTAGTATGGGCACTTCCAG
hsa-miR-20b-5p	CAAAGTGCTCATAGTGCAGGTAG
hsa-miR-21-3p	CAACACCAGTCGATGGGCTGT
hsa-miR-21-5p	TAGCTTATCAGACTGATGTTGA
hsa-miR-210-3p	CTGTGCGTGTGACAGCGGCTGA
hsa-miR-2110	TTGGGGAAACGGCCGCTGAGTG
hsa-miR-2113	ATTTGTGCTTGGCTCTGTCAC
hsa-miR-2114-5p	TAGTCCCTTCCTTGAAGCGGTC
hsa-miR-2115-5p	AGCTTCCATGACTCCTGATGGA
hsa-miR-2116-5p	GGTTCTTAGCATAGGAGGTCT
hsa-miR-2117	TGTTCTCTTTGCCAAGGACAG
hsa-miR-212-5p	ACCTTGGCTCTAGACTGCTTACT
hsa-miR-214-3p	ACAGCAGGCACAGACAGGCAGT
hsa-miR-215-5p	ATGACCTATGAATTGACAGAC
hsa-miR-216a-3p	TCACAGTGGTCTCTGGGATTAT
hsa-miR-216a-5p	TAATCTCAGCTGGCAACTGTGA
hsa-miR-216b-5p	AAATCTCTGCAGGCAAATGTGA
hsa-miR-217-3p	CATCAGTTCCTAATGCATTGCC
hsa-miR-217-5p	TACTGCATCAGGAACTGATTGGA
hsa-miR-218-1-3p	ATGGTTCCGTCAAGCACCATGG
hsa-miR-218-2-3p	CATGGTTCTGTCAAGCACCGCG
hsa-miR-218-5p	TTGTGCTTGATCTAACCATGT
hsa-miR-219a-1-3p	AGAGTTGAGTCTGGACGTCCCG
hsa-miR-219a-2-3p	AGAATTGTGGCTGGACATCTGT
hsa-miR-219a-5p	TGATTGTCCAAACGCAATTCT
hsa-miR-219b-3p	AGAATTGCGTTTGGACAATCAGT
hsa-miR-219b-5p	AGATGTCCAGCCACAATTCTCG
hsa-miR-22-3p	AAGCTGCCAGTTGAAGAACTGT
hsa-miR-22-5p	AGTTCTTCAGTGGCAAGCTTTA
hsa-miR-221-3p	AGCTACATTGTCTGCTGGGTTTC
hsa-miR-221-5p	ACCTGGCATACAATGTAGATTT
hsa-miR-222-3p	AGCTACATCTGGCTACTGGGT
hsa-miR-222-5p	CTCAGTAGCCAGTGTAGATCCT
hsa-miR-223-3p	TGTCAGTTTGTCAAATACCCCA
hsa-miR-224-5p	TCAAGTCACTAGTGGTTCCGTTTAG
hsa-miR-2276-3p	TCTGCAAGTGTCAGAGGCGAGG
hsa-miR-2276-5p	GCCCTCTGTCACCTTGCAGACG
hsa-miR-2277-3p	TGACAGCGCCCTGCCTGGCTC
hsa-miR-2277-5p	AGCGCGGGCTGAGCGCTGCCAGTC
hsa-miR-2278	GAGAGCAGTGTGTGTTGCCTGG
hsa-miR-2355-3p	ATTGTCCTTGCTGTTTGGAGAT
hsa-miR-2355-5p	ATCCCCAGATACAATGGACAA
hsa-miR-23a-3p	ATCACATTGCCAGGGATTTCC
hsa-miR-23a-5p	GGGGTTCCTGGGGATGGGATTT
hsa-miR-23b-3p	ATCACATTGCCAGGGATTACCAC
hsa-miR-23b-5p	TGGGTTCCTGGCATGCTGATTT
hsa-miR-23c	ATCACATTGCCAGTGATTACCC
hsa-miR-24-1-5p	TGCCTACTGAGCTGATATCAGT
hsa-miR-24-2-5p	TGCCTACTGAGCTGAAACACAG
hsa-miR-24-3p	TGGCTCAGTTCAGCAGGAACAG
hsa-miR-2467-3p	AGCAGAGGCAGAGAGGCTCAGG
hsa-miR-2467-5p	TGAGGCTCTGTTAGCCTTGGCTC
hsa-miR-25-3p	CATTGCACTTGTCTCGGTCTGA
hsa-miR-25-5p	AGGCGGAGACTTGGGCAATTG
hsa-miR-2681-5p	GTTTTACCACCTCCAGGAGACT
hsa-miR-2682-5p	CAGGCAGTGACTGTTCAGACGTC
hsa-miR-26a-5p	TTCAAGTAATCCAGGATAGGCT
hsa-miR-26b-3p	CCTGTTCTCCATTACTTGGCT
hsa-miR-26b-5p	TTCAAGTAATTCAGGATAGGT
hsa-miR-27a-3p	TTCACAGTGGCTAAGTTCCGC
hsa-miR-27b-3p	TTCACAGTGGCTAAGTTCTGC
hsa-miR-27b-5p	AGAGCTTAGCTGATTGGTGAAC
hsa-miR-28-3p	CACTAGATTGTGAGCTCCTGGA
hsa-miR-28-5p	AAGGAGCTCACAGTCTATTGAG
hsa-miR-296-3p	GAGGGTTGGGTGGAGGCTCTCC
hsa-miR-296-5p	AGGGCCCCCCCTCAATCCTGT
hsa-miR-297	ATGTATGTGTGCATGTGCATG
hsa-miR-298	AGCAGAAGCAGGGAGGTTCTCCCA
hsa-miR-29a-3p	TAGCACCATCTGAAATCGGTTA
hsa-miR-29a-5p	ACTGATTTCTTTTGGTGTTCAG
hsa-miR-29b-1-5p	GCTGGTTTCATATGGTGGTTTAGA
hsa-miR-29b-2-5p	CTGGTTTCACATGGTGGCTTAG
hsa-miR-29b-3p	TAGCACCATTTGAAATCAGTGTT
hsa-miR-29c-3p	TAGCACCATTTGAAATCGGTTA
hsa-miR-29c-5p	TGACCGATTTCTCCTGGTGTTC
hsa-miR-301a-3p	CAGTGCAATAGTATTGTCAAAGC
hsa-miR-301a-5p	GCTCTGACTTTATTGCACTACT
hsa-miR-301b-3p	CAGTGCAATGATATTGTCAAAGC
hsa-miR-301b-5p	GCTCTGACGAGGTTGCACTACT
hsa-miR-302a-3p	TAAGTGCTTCCATGTTTTGGTGA
hsa-miR-302b-3p	TAAGTGCTTCCATGTTTTAGTAG
hsa-miR-302d-3p	TAAGTGCTTCCATGTTTGAGTGT
hsa-miR-3059-3p	CCTCTAGGGAAGAGAAGGTTGG
hsa-miR-3059-5p	TTTCCTCTCTGCCCCATAGGGTGT
hsa-miR-3064-3p	TTGCCACACTGCAACACCTTACA
hsa-miR-3064-5p	TCTGGCTGTTGTGGTGTGCAA
hsa-miR-3065-3p	TCAGCACCAGGATATTGTTGGAG
hsa-miR-3065-5p	TCAACAAAATCACTGATGCTGGA
hsa-miR-3074-3p	GATATCAGCTCAGTAGGCACCG
hsa-miR-3074-5p	GTTCCTGCTGAACTGAGCCAG
hsa-miR-3085-3p	TCTGGCTGCTATGGCCCCCTC
hsa-miR-3085-5p	AGGTGCCATTCTGAGGGCCAGGAGT
hsa-miR-30a-3p	CTTTCAGTCGGATGTTTGCAGC
hsa-miR-30a-5p	TGTAAACATCCCCGACTGGAAG
hsa-miR-30b-3p	CTGGGAGGTGGATGTTTACTTC
hsa-miR-30b-5p	TGTAAACATCCTACACTCAGCT
hsa-miR-30c-1-3p	CTGGGAGAGGGTTGTTTACTCC
hsa-miR-30c-2-3p	CTGGGAGAAGGCTGTTTACTCT
hsa-miR-30c-5p	TGTAAACATCCTACACTCTCAGC
hsa-miR-30d-3p	CTTTCAGTCAGATGTTTGCTGC
hsa-miR-30d-5p	TGTAAACATCCTCGACTGGAAG
hsa-miR-30e-3p	CTTTCAGTCGGATGTTTACAGC
hsa-miR-30e-5p	TGTAAACATCCTTGACTGGAAG
hsa-miR-31-3p	TGCTATGCCAACATATTGCCAT
hsa-miR-31-5p	AGGCAAGATGCTGGCATAGCT
hsa-miR-3115	ATATGGGTTTACTAGTTGGT
hsa-miR-3116	TGCCTGGAACATAGTAGGGACT
hsa-miR-3120-3p	CACAGCAAGTGTAGACAGGCA
hsa-miR-3120-5p	CCTGTCTGTGCCTGCTGTACA
hsa-miR-3121-3p	TAAATAGAGTAGGCAAAGGACA
hsa-miR-3122	GTTGGGACAAGAGGACGGTCTT
hsa-miR-3124-3p	ACTTTCCTCACTCCCGTGAAGT
hsa-miR-3124-5p	TTCGCGGGCGAAGGCAAAGTC
hsa-miR-3125	TAGAGGAAGCTGTGGAGAGA
hsa-miR-3126-3p	CATCTGGCATCCGTCACACAGA
hsa-miR-3126-5p	TGAGGGACAGATGCCAGAAGCA
hsa-miR-3127-3p	TCCCCTTCTGCAGGCCTGCTGG
hsa-miR-3127-5p	ATCAGGGCTTGTGGAATGGGAAG
hsa-miR-3128	TCTGGCAAGTAAAAAACTCTCAT
hsa-miR-3130-3p	GCTGCACCGGAGACTGGGTAA
hsa-miR-3130-5p	TACCCAGTCTCCGGTGCAGCC
hsa-miR-3131	TCGAGGACTGGTGGAAGGGCCTT
hsa-miR-3132	TGGGTAGAGAAGGAGCTCAGAGGA
hsa-miR-3133	TAAAGAACTCTTAAAACCCAAT
hsa-miR-3134	TGATGGATAAAAGACTACATATT
hsa-miR-3135a	TGCCTAGGCTGAGACTGCAGTG
hsa-miR-3135b	GGCTGGAGCGAGTGCAGTGGTG
hsa-miR-3136-3p	TGGCCCAACCTATTCAGTTAGT
hsa-miR-3136-5p	CTGACTGAATAGGTAGGGTCATT
hsa-miR-3137	TCTGTAGCCTGGGAGCAATGGGGT
hsa-miR-3138	TGTGGACAGTGAGGTAGAGGGAGT
hsa-miR-3139	TAGGAGCTCAACAGATGCCTGTT
hsa-miR-3140-3p	AGCTTTTGGGAATTCAGGTAGT
hsa-miR-3142	AAGGCCTTTCTGAACCTTCAGA
hsa-miR-3143	ATAACATTGTAAAGCGCTTCTTTCG
hsa-miR-3144-3p	ATATACCTGTTCGGTCTCTTTA
hsa-miR-3144-5p	AGGGGACCAAAGAGATATATAG
hsa-miR-3145-3p	AGATATTTTGAGTGTTTGGAATTG
hsa-miR-3145-5p	AACTCCAAACACTCAAAACTCA
hsa-miR-3148	TGGAAAAAACTGGTGTGTGCTT
hsa-miR-3149	TTTGTATGGATATGTGTGTGTAT
hsa-miR-3150a-3p	CTGGGGAGATCCTCGAGGTTGG
hsa-miR-3150a-5p	CAACCTCGACGATCTCCTCAGC
hsa-miR-3152-5p	ATTGCCTCTGTTCTAACACAAG
hsa-miR-3155a	CCAGGCTCTGCAGTGGGAACT
hsa-miR-3155b	CCAGGCTCTGCAGTGGGA
hsa-miR-3156-3p	CTCCCACTTCCAGATCTTTCT
hsa-miR-3157-3p	CTGCCCTAGTCTAGCTGAAGCT
hsa-miR-3157-5p	TTCAGCCAGGCTAGTGCAGTCT
hsa-miR-3158-3p	AAGGGCTTCCTCTCTGCAGGAC
hsa-miR-3158-5p	CCTGCAGAGAGGAAGCCCTTC
hsa-miR-3159	TAGGATTACAAGTGTCGGCCAC
hsa-miR-3160-3p	AGAGCTGAGACTAGAAAGCCCA
hsa-miR-3160-5p	GGCTTTCTAGTCTCAGCTCTCC
hsa-miR-3161	CTGATAAGAACAGAGGCCCAGAT
hsa-miR-3162-5p	TTAGGGAGTAGAAGGGTGGGGAG
hsa-miR-3163	TATAAAATGAGGGCAGTAAGAC
hsa-miR-3164	TGTGACTTTAAGGGAAATGGCG
hsa-miR-3165	AGGTGGATGCAATGTGACCTCA
hsa-miR-3167	AGGATTTCAGAAATACTGGTGT
hsa-miR-3168	GAGTTCTACAGTCAGAC
hsa-miR-3169	TAGGACTGTGCTTGGCACATAG
hsa-miR-3171	AGATGTATGGAATCTGTATATATC
hsa-miR-3173-3p	AAAGGAGGAAATAGGCAGGCCA
hsa-miR-3173-5p	TGCCCTGCCTGTTTTCTCCTTT
hsa-miR-3174	TAGTGAGTTAGAGATGCAGAGCC
hsa-miR-3175	CGGGGAGAGAACGCAGTGACGT
hsa-miR-3176	ACTGGCCTGGGACTACCGG
hsa-miR-3177-3p	TGCACGGCACTGGGGACACGT
hsa-miR-3177-5p	TGTGTACACACGTGCCAGGCGCT
hsa-miR-3179	AGAAGGGGTGAAATTTAAACGT
hsa-miR-3180	TGGGGCGGAGCTTCCGGAG
hsa-miR-3180-3p	TGGGGCGGAGCTTCCGGAGGCC
hsa-miR-3181	ATCGGGCCCTCGGCGCCGG
hsa-miR-3184-3p	AAAGTCTCGCTCTCTGCCCCTCA
hsa-miR-3184-5p	TGAGGGGCCTCAGACCGAGCTTTT
hsa-miR-3187-3p	TTGGCCATGGGGCTGCGCGG
hsa-miR-3187-5p	CCTGGGCAGCGTGTGGCTGAAGG
hsa-miR-3188	AGAGGCTTTGTGCGGATACGGGG
hsa-miR-3189-3p	CCCTTGGGTCTGATGGGGTAG
hsa-miR-3189-5p	TGCCCCATCTGTGCCCTGGGTAGGA
hsa-miR-3191-3p	TGGGGACGTAGCTGGCCAGACAG
hsa-miR-3191-5p	CTCTCTGGCCGTCTACCTTCCA
hsa-miR-3192-3p	CTCTGATCGCCCTCTCAGCTC
hsa-miR-3192-5p	TCTGGGAGGTTGTAGCAGTGGAA
hsa-miR-3194-3p	AGCTCTGCTGCTCACTGGCAGT
hsa-miR-3194-5p	GGCCAGCCACCAGGAGGGCTG
hsa-miR-3195	CGCGCCGGGCCCGGGTT
hsa-miR-3197	GGAGGCGCAGGCTCGGAAAGGCG
hsa-miR-3198	GTGGAGTCCTGGGGAATGGAGA
hsa-miR-3199	AGGGACTGCCTTAGGAGAAAGTT
hsa-miR-32-3p	CAATTTAGTGTGTGTGATATTT
hsa-miR-32-5p	TATTGCACATTACTAAGTTGCA
hsa-miR-3200-3p	CACCTTGCGCTACTCAGGTCTG
hsa-miR-3200-5p	AATCTGAGAAGGCGCACAAGGT
hsa-miR-3202	TGGAAGGGAGAAGAGCTTTAAT
hsa-miR-320a-3p	AAAAGCTGGGTTGAGAGGGCGA
hsa-miR-320b	AAAAGCTGGGTTGAGAGGGCAA
hsa-miR-320c	AAAAGCTGGGTTGAGAGGGT
hsa-miR-320d	AAAAGCTGGGTTGAGAGGA
hsa-miR-320e	AAAGCTGGGTTGAGAAGG
hsa-miR-324-3p	CCCACTGCCCCAGGTGCTGCTGG
hsa-miR-324-5p	CGCATCCCCTAGGGCATTGGTG
hsa-miR-326	CCTCTGGGCCCTTCCTCCAG
hsa-miR-328-3p	CTGGCCCTCTCTGCCCTTCCGT
hsa-miR-329-3p	AACACACCTGGTTAACCTCTTT
hsa-miR-330-3p	GCAAAGCACACGGCCTGCAGAGA
hsa-miR-330-5p	TCTCTGGGCCTGTGTCTTAGGC
hsa-miR-331-3p	GCCCCTGGGCCTATCCTAGAA
hsa-miR-331-5p	CTAGGTATGGTCCCAGGGATCC
hsa-miR-338-3p	TCCAGCATCAGTGATTTTGTTG
hsa-miR-338-5p	AACAATATCCTGGTGCTGAGTG
hsa-miR-339-3p	TGAGCGCCTCGACGACAGAGCCG
hsa-miR-339-5p	TCCCTGTCCTCCAGGAGCTCACG
hsa-miR-33a-3p	CAATGTTTCCACAGTGCATCAC
hsa-miR-33a-5p	GTGCATTGTAGTTGCATTGCA
hsa-miR-33b-3p	CAGTGCCTCGGCAGTGCAGCCC
hsa-miR-33b-5p	GTGCATTGCTGTTGCATTGC
hsa-miR-340-3p	TCCGTCTCAGTTACTTTATAGC
hsa-miR-340-5p	TTATAAAGCAATGAGACTGATT
hsa-miR-342-3p	TCTCACACAGAAATCGCACCCGT
hsa-miR-342-5p	AGGGGTGCTATCTGTGATTGA
hsa-miR-345-5p	GCTGACTCCTAGTCCAGGGCTC
hsa-miR-346	TGTCTGCCCGCATGCCTGCCTCT
hsa-miR-34a-3p	CAATCAGCAAGTATACTGCCCT
hsa-miR-34a-5p	TGGCAGTGTCTTAGCTGGTTGT
hsa-miR-34b-5p	TAGGCAGTGTCATTAGCTGATTG
hsa-miR-34c-3p	AATCACTAACCACACGGCCAGG
hsa-miR-34c-5p	AGGCAGTGTAGTTAGCTGATTGC
hsa-miR-3605-3p	CCTCCGTGTTACCTGTCCTCTAG
hsa-miR-3605-5p	TGAGGATGGATAGCAAGGAAGCC
hsa-miR-3609	CAAAGTGATGAGTAATACTGGCTG
hsa-miR-361-3p	TCCCCCAGGTGTGATTCTGATTT
hsa-miR-361-5p	TTATCAGAATCTCCAGGGGTAC
hsa-miR-3610	GAATCGGAAAGGAGGCGCCG
hsa-miR-3611	TTGTGAAGAAAGAAATTCTTA
hsa-miR-3613-3p	ACAAAAAAAAAAGCCCAACCCTTC
hsa-miR-3614-3p	TAGCCTTCAGATCTTGGTGTTTT
hsa-miR-3614-5p	CCACTTGGATCTGAAGGCTGCCC
hsa-miR-3615	TCTCTCGGCTCCTCGCGGCTC
hsa-miR-3616-3p	CGAGGGCATTTCATGATGCAGGC
hsa-miR-3616-5p	ATGAAGTGCACTCATGATATGT
hsa-miR-3617-3p	CATCAGCACCCTATGTCCTTTCT
hsa-miR-3618	TGTCTACATTAATGAAAAGAGC
hsa-miR-3619-5p	TCAGCAGGCAGGCTGGTGCAGC
hsa-miR-362-3p	AACACACCTATTCAAGGATTCA
hsa-miR-362-5p	AATCCTTGGAACCTAGGTGTGAGT
hsa-miR-3622a-3p	TCACCTGACCTCCCATGCCTGT
hsa-miR-3622a-5p	CAGGCACGGGAGCTCAGGTGAG
hsa-miR-3622b-3p	TCACCTGAGCTCCCGTGCCTG
hsa-miR-363-3p	AATTGCACGGTATCCATCTGTA
hsa-miR-3646	AAAATGAAATGAGCCCAGCCCA
hsa-miR-3648	AGCCGCGGGGATCGCCGAGGG
hsa-miR-3654	GACTGGACAAGCTGAGGAA
hsa-miR-3655	GCTTGTCGCTGCGGTGTTGCT
hsa-miR-3657	TGTGTCCCATTATTGGTGATT
hsa-miR-3658	TTTAAGAAAACACCATGGAGAT
hsa-miR-3659	TGAGTGTTGTCTACGAGGGCA
hsa-miR-365a-3p	TAATGCCCCTAAAAATCCTTAT
hsa-miR-365a-5p	AGGGACTTTTGGGGGCAGATGTG
hsa-miR-365b-3p	TAATGCCCCTAAAAATCCTTAT
hsa-miR-365b-5p	AGGGACTTTCAGGGGCAGCTGT
hsa-miR-3660	ACTGACAGGAGAGCATTTTGA
hsa-miR-3661	TGACCTGGGACTCGGACAGCTG
hsa-miR-3662	GAAAATGATGAGTAGTGACTGATG
hsa-miR-3663-3p	TGAGCACCACACAGGCCGGGCGC
hsa-miR-3663-5p	GCTGGTCTGCGTGGTGCTCGG
hsa-miR-3664-3p	TCTCAGGAGTAAAGACAGAGTT
hsa-miR-3667-3p	ACCTTCCTCTCCATGGGTCTTT
hsa-miR-3670	AGAGCTCACAGCTGTCCTTCTCTA
hsa-miR-3671	ATCAAATAAGGACTAGTCTGCA
hsa-miR-3675-3p	CATCTCTAAGGAACTCCCCCAA
hsa-miR-3677-3p	CTCGTGGGCTCTGGCCACGGCC
hsa-miR-3677-5p	CAGTGGCCAGAGCCCTGCAGTG
hsa-miR-3679-3p	CTTCCCCCCAGTAATCTTCATC
hsa-miR-3679-5p	TGAGGATATGGCAGGGAAGGGGA
hsa-miR-3680-3p	TTTTGCATGACCCTGGGAGTAGG
hsa-miR-3680-5p	GACTCACTCACAGGATTGTGCA
hsa-miR-3682-3p	TGATGATACAGGTGGAGGTAG
hsa-miR-3682-5p	CTACTTCTACCTGTGTTATCAT
hsa-miR-3685	TTTCCTACCCTACCTGAAGACT
hsa-miR-3688-3p	TATGGAAAGACTTTGCCACTCT
hsa-miR-3689d	GGGAGGTGTGATCTCACACTCG
hsa-miR-369-3p	AATAATACATGGTTGATCTTT
hsa-miR-3691-3p	ACCAAGTCTGCGTCATCCTCTC
hsa-miR-3691-5p	AGTGGATGATGGAGACTCGGTAC
hsa-miR-3692-3p	GTTCCACACTGACACTGCAGAAGT
hsa-miR-3692-5p	CCTGCTGGTCAGGAGTGGATACTG
hsa-miR-3714	GAAGGCAGCAGTGCTCCCCTGT
hsa-miR-373-3p	GAAGTGCTTCGATTTTGGGGTGT
hsa-miR-374a-3p	CTTATCAGATTGTATTGTAATT
hsa-miR-374a-5p	TTATAATACAACCTGATAAGTG
hsa-miR-374b-3p	CTTAGCAGGTTGTATTATCATT
hsa-miR-374b-5p	ATATAATACAACCTGCTAAGTG
hsa-miR-374c-5p	ATAATACAACCTGCTAAGTGCT
hsa-miR-375-3p	TTTGTTCGTTCGGCTCGCGTGA
hsa-miR-376a-3p	ATCATAGAGGAAAATCCACGT
hsa-miR-377-5p	AGAGGTTGCCCTTGGTGAATTC
hsa-miR-378a-3p	ACTGGACTTGGAGTCAGAAGGC
hsa-miR-378a-5p	CTCCTGACTCCAGGTCCTGTGT
hsa-miR-378b	ACTGGACTTGGAGGCAGAA
hsa-miR-378c	ACTGGACTTGGAGTCAGAAGAGTGG
hsa-miR-378d	ACTGGACTTGGAGTCAGAAA
hsa-miR-378e	ACTGGACTTGGAGTCAGGA
hsa-miR-378f	ACTGGACTTGGAGCCAGAAG
hsa-miR-378g	ACTGGGCTTGGAGTCAGAAG
hsa-miR-378i	ACTGGACTAGGAGTCAGAAGG
hsa-miR-378j	ACTGGATTTGGAGCCAGAA
hsa-miR-380-3p	TATGTAATATGGTCCACATCTT
hsa-miR-381-3p	TATACAAGGGCAAGCTCTCTGT
hsa-miR-382-5p	GAAGTTGTTCGTGGTGGATTCG
hsa-miR-384	ATTCCTAGAAATTGTTCATA
hsa-miR-3909	TGTCCTCTAGGGCCTGCAGTCT
hsa-miR-3911	TGTGTGGATCCTGGAGGAGGCA
hsa-miR-3912-3p	TAACGCATAATATGGACATGT
hsa-miR-3912-5p	ATGTCCATATTATGGGTTAGT
hsa-miR-3913-5p	TTTGGGACTGATCTTGATGTCT
hsa-miR-3915	TTGAGGAAAAGATGGTCTTATT
hsa-miR-3916	AAGAGGAAGAAATGGCTGGTTCTCAG
hsa-miR-3917	GCTCGGACTGAGCAGGTGGG
hsa-miR-3918	ACAGGGCCGCAGATGGAGACT
hsa-miR-3921	TCTCTGAGTACCATATGCCTTGT
hsa-miR-3922-5p	TCAAGGCCAGAGGTCCCACAGCA
hsa-miR-3925-5p	AAGAGAACTGAAAGTGGAGCCT
hsa-miR-3926	TGGCCAAAAAGCAGGCAGAGA
hsa-miR-3928-3p	GGAGGAACCTTGGAGCTTCGGC
hsa-miR-3929	GAGGCTGATGTGAGTAGACCACT
hsa-miR-3934-3p	TGCTCAGGTTGCACAGCTGGGA
hsa-miR-3934-5p	TCAGGTGTGGAAACTGAGGCAG
hsa-miR-3936	TAAGGGGTGTATGGCAGATGCA
hsa-miR-3937	ACAGGCGGCTGTAGCAATGGGGG
hsa-miR-3938	AATTCCCTTGTAGATAACCCGG
hsa-miR-3939	TACGCGCAGACCACAGGATGTC
hsa-miR-3940-3p	CAGCCCGGATCCCAGCCCACTT
hsa-miR-3941	TTACACACAACTGAGGATCATA
hsa-miR-3942-3p	TTTCAGATAACAGTATTACAT
hsa-miR-3942-5p	AAGCAATACTGTTACCTGAAAT
hsa-miR-3943	TAGCCCCCAGGCTTCACTTGGCG
hsa-miR-3944-3p	TTCGGGCTGGCCTGCTGCTCCGG
hsa-miR-3944-5p	TGTGCAGCAGGCCAACCGAGA
hsa-miR-3975	TGAGGCTAATGCACTACTTCAC
hsa-miR-409-5p	AGGTTACCCGAGCAACTTTGCAT
hsa-miR-421	ATCAACAGACATTAATTGGGCGC
hsa-miR-423-3p	AGCTCGGTCTGAGGCCCCTCAGT
hsa-miR-423-5p	TGAGGGGCAGAGAGCGAGACTTT
hsa-miR-424-3p	CAAAACGTGAGGCGCTGCTAT
hsa-miR-424-5p	CAGCAGCAATTCATGTTTTGAA
hsa-miR-425-3p	ATCGGGAATGTCGTGTCCGCCC
hsa-miR-425-5p	AATGACACGATCACTCCCGTTGA
hsa-miR-4251	CCTGAGAAAAGGGCCAA
hsa-miR-4254	GCCTGGAGCTACTCCACCATCTC
hsa-miR-4257	CCAGAGGTGGGGACTGAG
hsa-miR-4259	CAGTTGGGTCTAGGGGTCAGGA
hsa-miR-4262	GACATTCAGACTACCTG
hsa-miR-4265	CTGTGGGCTCAGCTCTGGG
hsa-miR-4268	GGCTCCTCCTCTCAGGATGTG
hsa-miR-4277	GCAGTTCTGAGCACAGTACAC
hsa-miR-4278	CTAGGGGGTTTGCCCTTG
hsa-miR-4282	TAAAATTTGCATCCAGGA
hsa-miR-4288	TTGTCTGCTGAGTTTCC
hsa-miR-4289	GCATTGTGCAGGGCTATCA
hsa-miR-429	TAATACTGTCTGGTAAAACCGT
hsa-miR-4290	TGCCCTCCTTTCTTCCCTC
hsa-miR-4291	TTCAGCAGGAACAGCT
hsa-miR-4292	CCCCTGGGCCGGCCTTGG
hsa-miR-4293	CAGCCTGACAGGAACAG
hsa-miR-4299	GCTGGTGACATGAGAGGC
hsa-miR-4306	TGGAGAGAAAGGCAGTTCCTGA
hsa-miR-431-5p	TGTCTTGCAGGCCGTCATGCA
hsa-miR-4312	GGCCTTGTTCCTGTCCCCA
hsa-miR-4314	CTCTGGGAAATGGGACAG
hsa-miR-4315	CCGCTTTCTGAGCTGGAC
hsa-miR-4318	CACTGTGGGTACATGCT
hsa-miR-4321	TTAGCGGTGGACCGCCCTGCG
hsa-miR-4323	CAGCCCCACAGCCTCAGA
hsa-miR-4324	CCCTGAGACCCTAACCTTAA
hsa-miR-4325	TTGCACTTGTCTCAGTGA
hsa-miR-4326	TGTTCCTCTGTCTCCCAGAC
hsa-miR-4328	CCAGTTTTCCCAGGATT
hsa-miR-4330	CCTCAGATCAGAGCCTTGC
hsa-miR-4418	CACTGCAGGACTCAGCAG
hsa-miR-4420	GTCACTGATGTCTGTAGCTGAG
hsa-miR-4421	ACCTGTCTGTGGAAAGGAGCTA
hsa-miR-4423-5p	AGTTGCCTTTTTGTTCCCATGC
hsa-miR-4424	AGAGTTAACTCAAAATGGACTA
hsa-miR-4426	GAAGATGGACGTACTTT
hsa-miR-4429	AAAAGCTGGGCTGAGAGGCG
hsa-miR-4435	ATGGCCAGAGCTCACACAGAGG
hsa-miR-4436a	GCAGGACAGGCAGAAGTGGAT
hsa-miR-4436b-3p	CAGGGCAGGAAGAAGTGGACAA
hsa-miR-4436b-5p	GTCCACTTCTGCCTGCCCTGCC
hsa-miR-4439	GTGACTGATACCTTGGAGGCAT
hsa-miR-4440	TGTCGTGGGGCTTGCTGGCTTG
hsa-miR-4443	TTGGAGGCGTGGGTTTT
hsa-miR-4444	CTCGAGTTGGAAGAGGCG
hsa-miR-4445-5p	AGATTGTTTCTTTTGCCGTGCA
hsa-miR-4446-3p	CAGGGCTGGCAGTGACATGGGT
hsa-miR-4448	GGCTCCTTGGTCTAGGGGTA
hsa-miR-4449	CGTCCCGGGGCTGCGCGAGGCA
hsa-miR-4450	TGGGGATTTGGAGAAGTGGTGA
hsa-miR-4454	GGATCCGAGTCACGGCACCA
hsa-miR-4458	AGAGGTAGGTGTGGAAGAA
hsa-miR-4462	TGACACGGAGGGTGGCTTGGGAA
hsa-miR-4464	AAGGTTTGGATAGATGCAATA
hsa-miR-4467	TGGCGGCGGTAGTTATGGGCTT
hsa-miR-4468	AGAGCAGAAGGATGAGAT
hsa-miR-4470	TGGCAAACGTGGAAGCCGAGA
hsa-miR-4471	TGGGAACTTAGTAGAGGTTTAA
hsa-miR-4472	GGTGGGGGGTGTTGTTTT
hsa-miR-4473	CTAGTGCTCTCCGTTACAAGTA
hsa-miR-4474-3p	TTGTGGCTGGTCATGAGGCTAA
hsa-miR-4474-5p	TTAGTCTCATGATCAGACACA
hsa-miR-4475	CAAGGGACCAAGCATTCATTAT
hsa-miR-4477a	CTATTAAGGACATTTGTGATTC
hsa-miR-4478	GAGGCTGAGCTGAGGAG
hsa-miR-4479	CGCGCGGCCGTGCTCGGAGCAG
hsa-miR-4480	AGCCAAGTGGAAGTTACTTTA
hsa-miR-4483	GGGGTGGTCTGTTGTTG
hsa-miR-4484	AAAAGGCGGGAGAAGCCCCA
hsa-miR-4487	AGAGCTGGCTGAAGGGCAG
hsa-miR-4490	TCTGGTAAGAGATTTGGGCATA
hsa-miR-4493	AGAAGGCCTTTCCATCTCTGT
hsa-miR-4494	CCAGACTGTGGCTGACCAGAGG
hsa-miR-4496	GAGGAAACTGAAGCTGAGAGGG
hsa-miR-4497	CTCCGGGACGGCTGGGC
hsa-miR-4498	TGGGCTGGCAGGGCAAGTGCTG
hsa-miR-449a	TGGCAGTGTATTGTTAGCTGGT
hsa-miR-449b-3p	CAGCCACAACTACCCTGCCACT
hsa-miR-449b-5p	AGGCAGTGTATTGTTAGCTGGC
hsa-miR-449c-3p	TTGCTAGTTGCACTCCTCTCTGT
hsa-miR-449c-5p	TAGGCAGTGTATTGCTAGCGGCTGT
hsa-miR-4500	TGAGGTAGTAGTTTCTT
hsa-miR-4501	TATGTGACCTCGGATGAATCA
hsa-miR-4502	GCTGATGATGATGGTGCTGAAG
hsa-miR-4503	TTTAAGCAGGAAATAGAATTTA
hsa-miR-4504	TGTGACAATAGAGATGAACATG
hsa-miR-4506	AAATGGGTGGTCTGAGGCAA
hsa-miR-450a-1-3p	ATTGGGAACATTTTGCATGTAT
hsa-miR-450a-2-3p	ATTGGGGACATTTTGCATTCAT
hsa-miR-450a-5p	TTTTGCGATGTGTTCCTAATAT
hsa-miR-450b-3p	TTGGGATCATTTTGCATCCATA
hsa-miR-450b-5p	TTTTGCAATATGTTCCTGAATA
hsa-miR-4512	CAGGGCCTCACTGTATCGCCCA
hsa-miR-4514	ACAGGCAGGATTGGGGAA
hsa-miR-4515	AGGACTGGACTCCCGGCAGCCC
hsa-miR-4517	AAATATGATGAAACTCACAGCTGAG
hsa-miR-4519	CAGCAGTGCGCAGGGCTG
hsa-miR-451a	AAACCGTTACCATTACTGAGTT
hsa-miR-452-5p	AACTGTTTGCAGAGGAAACTGA
hsa-miR-4521	GCTAAGGAAGTCCTGTGCTCAG
hsa-miR-4523	GACCGAGAGGGCCTCGGCTGT
hsa-miR-4525	GGGGGGATGTGCATGCTGGTT
hsa-miR-4526	GCTGACAGCAGGGCTGGCCGCT
hsa-miR-4530	CCCAGCAGGACGGGAGCG
hsa-miR-4531	ATGGAGAAGGCTTCTGA
hsa-miR-4533	TGGAAGGAGGTTGCCGGACGCT
hsa-miR-4539	GCTGAACTGGGCTGAGCTGGGC
hsa-miR-454-3p	TAGTGCAATATTGCTTATAGGGT
hsa-miR-454-5p	ACCCTATCAATATTGTCTCTGC
hsa-miR-455-3p	GCAGTCCATGGGCATATACAC
hsa-miR-455-5p	TATGTGCCTTTGGACTACATCG
hsa-miR-4637	TACTAACTGCAGATTCAAGTGA
hsa-miR-4639-3p	TCACTCTCACCTTGCTTTGC
hsa-miR-4639-5p	TTGCTAAGTAGGCTGAGATTGA
hsa-miR-4640-3p	CACCCCCTGTTTCCTGGCCCAC
hsa-miR-4640-5p	TGGGCCAGGGAGCAGCTGGTGGG
hsa-miR-4642	ATGGCATCGTCCCCTGGTGGCT
hsa-miR-4643	GACACATGACCATAAATGCTAA
hsa-miR-4644	TGGAGAGAGAAAAGAGACAGAAG
hsa-miR-4646-3p	ATTGTCCCTCTCCCTTCCCAG
hsa-miR-4647	GAAGATGGTGCTGTGCTGAGGAA
hsa-miR-4648	TGTGGGACTGCAAATGGGAG
hsa-miR-4649-3p	TCTGAGGCCTGCCTCTCCCCA
hsa-miR-4649-5p	TGGGCGAGGGGTGGGCTCTCAGAG
hsa-miR-4650-3p	AGGTAGAATGAGGCCTGACAT
hsa-miR-4652-3p	GTTCTGTTAACCCATCCCCTCA
hsa-miR-4652-5p	AGGGGACTGGTTAATAGAACTA
hsa-miR-4654	TGTGGGATCTGGAGGCATCTGG
hsa-miR-4655-5p	CACCGGGGATGGCAGAGGGTCG
hsa-miR-4656	TGGGCTGAGGGCAGGAGGCCTGT
hsa-miR-4657	AATGTGGAAGTGGTCTGAGGCAT
hsa-miR-4658	GTGAGTGTGGATCCTGGAGGAAT
hsa-miR-4659a-3p	TTTCTTCTTAGACATGGCAACG
hsa-miR-4659a-5p	CTGCCATGTCTAAGAAGAAAAC
hsa-miR-4660	TGCAGCTCTGGTGGAAAATGGAG
hsa-miR-4661-5p	AACTAGCTCTGTGGATCCTGAC
hsa-miR-4662a-3p	AAAGATAGACAATTGGCTAAAT
hsa-miR-4663	AGCTGAGCTCCATGGACGTGCAGT
hsa-miR-4664-3p	CTTCCGGTCTGTGAGCCCCGTC
hsa-miR-4664-5p	TGGGGTGCCCACTCCGCAAGTT
hsa-miR-4665-3p	CTCGGCCGCGGCGCGTAGCCCCCGCC
hsa-miR-4667-5p	ACTGGGGAGCAGAAGGAGAACC
hsa-miR-4668-3p	GAAAATCCTTTTTGTTTTTCCAG
hsa-miR-4670-5p	AAGCGACCATGATGTAACTTCA
hsa-miR-4672	TTACACAGCTGGACAGAGGCA
hsa-miR-4676-3p	CACTGTTTCACCACTGGCTCTT
hsa-miR-4676-5p	GAGCCAGTGGTGAGACAGTGA
hsa-miR-4677-3p	TCTGTGAGACCAAAGAACTACT
hsa-miR-4677-5p	TTGTTCTTTGGTCTTTCAGCCA
hsa-miR-4678	AAGGTATTGTTCAGACTTATGA
hsa-miR-4680-3p	TCTGAATTGTAAGAGTTGTTA
hsa-miR-4680-5p	AGAACTCTTGCAGTCTTAGATGT
hsa-miR-4682	TCTGAGTTCCTGGAGCCTGGTCT
hsa-miR-4683	TGGAGATCCAGTGCTCGCCCGAT
hsa-miR-4684-3p	TGTTGCAAGTCGGTGGAGACGT
hsa-miR-4685-3p	TCTCCCTTCCTGCCCTGGCTAG
hsa-miR-4685-5p	CCCAGGGCTTGGAGTGGGGCAAGGTT
hsa-miR-4686	TATCTGCTGGGCTTTCTGGTGTT
hsa-miR-4688	TAGGGGCAGCAGAGGACCTGGG
hsa-miR-4689	TTGAGGAGACATGGTGGGGGCC
hsa-miR-4690-3p	GCAGCCCAGCTGAGGCCTCTG
hsa-miR-4690-5p	GAGCAGGCGAGGCTGGGCTGAA
hsa-miR-4691-3p	CCAGCCACGGACTGAGAGTGCAT
hsa-miR-4691-5p	GTCCTCCAGGCCATGAGCTGCGG
hsa-miR-4695-3p	TGATCTCACCGCTGCCTCCTTC
hsa-miR-4697-3p	TGTCAGTGACTCCTGCCCCTTGGT
hsa-miR-4697-5p	AGGGGGCGCAGTCACTGACGTG
hsa-miR-4700-3p	CACAGGACTGACTCCTCACCCCAGTG
hsa-miR-4700-5p	TCTGGGGATGAGGACAGTGTGT
hsa-miR-4701-5p	TTGGCCACCACACCTACCCCTT
hsa-miR-4703-3p	TGTAGTTGTATTGTATTGCCAC
hsa-miR-4704-3p	TCAGTCACATATCTAGTGTCTA
hsa-miR-4708-3p	AGCAAGGCGGCATCTCTCTGAT
hsa-miR-4709-3p	TTGAAGAGGAGGTGCTCTGTAGC
hsa-miR-4709-5p	ACAACAGTGACTTGCTCTCCAA
hsa-miR-4712-3p	AATGAGAGACCTGTACTGTAT
hsa-miR-4712-5p	TCCAGTACAGGTCTCTCATTTC
hsa-miR-4713-3p	TGGGATCCAGACAGTGGGAGAA
hsa-miR-4713-5p	TTCTCCCACTACCAGGCTCCCA
hsa-miR-4714-3p	CCAACCTAGGTGGTCAGAGTTG
hsa-miR-4714-5p	AACTCTGACCCCTTAGGTTGAT
hsa-miR-4715-5p	AAGTTGGCTGCAGTTAAGGTGG
hsa-miR-4716-3p	AAGGGGGAAGGAAACATGGAGA
hsa-miR-4716-5p	TCCATGTTTCCTTCCCCCTTCT
hsa-miR-4717-3p	ACACATGGGTGGCTGTGGCCT
hsa-miR-4717-5p	TAGGCCACAGCCACCCATGTGT
hsa-miR-4720-3p	TGCTTAAGTTGTACCAAGTAT
hsa-miR-4720-5p	CCTGGCATATTTGGTATAACTT
hsa-miR-4721	TGAGGGCTCCAGGTGACGGTGG
hsa-miR-4722-5p	GGCAGGAGGGCTGTGCCAGGTTG
hsa-miR-4723-5p	TGGGGGAGCCATGAGATAAGAGCA
hsa-miR-4724-3p	GTACCTTCTGGTTCAGCTAGT
hsa-miR-4724-5p	AACTGAACCAGGAGTGAGCTTCG
hsa-miR-4725-5p	AGACCCTGCAGCCTTCCCACC
hsa-miR-4726-3p	ACCCAGGTTCCCTCTGGCCGCA
hsa-miR-4726-5p	AGGGCCAGAGGAGCCTGGAGTGG
hsa-miR-4727-3p	ATAGTGGGAAGCTGGCAGATTC
hsa-miR-4728-3p	CATGCTGACCTCCCTCCTGCCCCAG
hsa-miR-4729	TCATTTATCTGTTGGGAAGCTA
hsa-miR-4730	CTGGCGGAGCCCATTCCATGCCA
hsa-miR-4731-3p	CACACAAGTGGCCCCCAACACT
hsa-miR-4731-5p	TGCTGGGGGCCACATGAGTGTG
hsa-miR-4732-3p	GCCCTGACCTGTCCTGTTCTG
hsa-miR-4732-5p	TGTAGAGCAGGGAGCAGGAAGCT
hsa-miR-4733-5p	AATCCCAATGCTAGACCCGGTG
hsa-miR-4735-3p	AAAGGTGCTCAAATTAGACAT
hsa-miR-4737	ATGCGAGGATGCTGACAGTG
hsa-miR-4738-3p	TGAAACTGGAGCGCCTGGAGGA
hsa-miR-4741	CGGGCTGTCCGGAGGGGTCGGCT
hsa-miR-4742-3p	TCTGTATTCTCCTTTGCCTGCAG
hsa-miR-4742-5p	TCAGGCAAAGGGATATTTACAGA
hsa-miR-4743-5p	TGGCCGGATGGGACAGGAGGCAT
hsa-miR-4745-3p	TGGCCCGGCGACGTCTCACGGTC
hsa-miR-4745-5p	TGAGTGGGGCTCCCGGGACGGCG
hsa-miR-4746-3p	AGCGGTGCTCCTGCGGGCCGA
hsa-miR-4746-5p	CCGGTCCCAGGAGAACCTGCAGA
hsa-miR-4747-3p	AAGGCCCGGGCTTTCCTCCCAG
hsa-miR-4747-5p	AGGGAAGGAGGCTTGGTCTTAG
hsa-miR-4748	GAGGTTTGGGGAGGATTTGCT
hsa-miR-4749-5p	TGCGGGGACAGGCCAGGGCATC
hsa-miR-4751	AGAGGACCCGTAGCTGCTAGAAGG
hsa-miR-4752	TTGTGGATCTCAAGGATGTGCT
hsa-miR-4753-5p	CAAGGCCAAAGGAAGAGAACAG
hsa-miR-4755-5p	TTTCCCTTCAGAGCCTGGCTTT
hsa-miR-4756-3p	CCAGAGATGGTTGCCTTCCTAT
hsa-miR-4761-3p	GAGGGCATGCGCACTTTGTCC
hsa-miR-4761-5p	ACAAGGTGTGCATGCCTGACC
hsa-miR-4762-3p	CTTCTGATCAAGATTTGTGGTG
hsa-miR-4762-5p	CCAAATCTTGATCAGAAGCCT
hsa-miR-4764-3p	TTAACTCCTTTCACACCCATGG
hsa-miR-4764-5p	TGGATGTGGAAGGAGTTATCT
hsa-miR-4766-3p	ATAGCAATTGCTCTTTTGGAA
hsa-miR-4767	CGCGGGCGCTCCTGGCCGCCGCC
hsa-miR-4772-5p	TGATCAGGCAAAATTGCAGACT
hsa-miR-4776-5p	GTGGACCAGGATGGCAAGGGCT
hsa-miR-4778-3p	TCTTCTTCCTTTGCAGAGTTGA
hsa-miR-4778-5p	AATTCTGTAAAGGAAGAAGAGG
hsa-miR-4779	TAGGAGGGAATAGTAAAAGCAG
hsa-miR-4781-3p	AATGTTGGAATCCTCGCTAGAG
hsa-miR-4781-5p	TAGCGGGGATTCCAATATTGG
hsa-miR-4782-3p	TGATTGTCTTCATATCTAGAAC
hsa-miR-4783-3p	CCCCGGTGTTGGGGCGCGTCTGC
hsa-miR-4784	TGAGGAGATGCTGGGACTGA
hsa-miR-4785	AGAGTCGGCGACGCCGCCAGC
hsa-miR-4786-3p	TGAAGCCAGCTCTGGTCTGGGC
hsa-miR-4786-5p	TGAGACCAGGACTGGATGCACC
hsa-miR-4787-3p	GATGCGCCGCCCACTGCCCCGCGC
hsa-miR-4787-5p	GCGGGGGTGGCGGCGGCATCCC
hsa-miR-4789-3p	CACACATAGCAGGTGTATATA
hsa-miR-4793-3p	TCTGCACTGTGAGTTGGCTGGCT
hsa-miR-4793-5p	ACATCCTGCTCCACAGGGCAGAGG
hsa-miR-4794	TCTGGCTATCTCACGAGACTGT
hsa-miR-4795-5p	AGAAGTGGCTAATAATATTGA
hsa-miR-4797-5p	GACAGAGTGCCACTTACTGAA
hsa-miR-4798-5p	TTCGGTATACTTTGTGAATTGG
hsa-miR-4799-5p	ATCTAAATGCAGCATGCCAGTC
hsa-miR-4800-3p	CATCCGTCCGTCTGTCCAC
hsa-miR-4800-5p	AGTGGACCGAGGAAGGAAGGA
hsa-miR-4801	TACACAAGAAAACCAAGGCTCA
hsa-miR-4802-5p	TATGGAGGTTCTAGACCATGTT
hsa-miR-4804-3p	TGCTTAACCTTGCCCTCGAAA
hsa-miR-4804-5p	TTGGACGGTAAGGTTAAGCAA
hsa-miR-483-5p	AAGACGGGAGGAAAGAAGGGAG
hsa-miR-484	TCAGGCTCAGTCCCCTCCCGAT
hsa-miR-485-3p	GTCATACACGGCTCTCCTCTCT
hsa-miR-486-3p	CGGGGCAGCTCAGTACAGGAT
hsa-miR-486-5p	TCCTGTACTGAGCTGCCCCGAG
hsa-miR-487a-5p	GTGGTTATCCCTGCTGTGTTCG
hsa-miR-487b-5p	GTGGTTATCCCTGTCCTGTTCG
hsa-miR-488-3p	TTGAAAGGCTATTTCTTGGTC
hsa-miR-489-3p	GTGACATCACATATACGGCAGC
hsa-miR-490-3p	CAACCTGGAGGACTCCATGCTG
hsa-miR-491-3p	CTTATGCAAGATTCCCTTCTAC
hsa-miR-491-5p	AGTGGGGAACCCTTCCATGAGG
hsa-miR-493-3p	TGAAGGTCTACTGTGTGCCAGG
hsa-miR-494-3p	TGAAACATACACGGGAAACCTC
hsa-miR-494-5p	AGGTTGTCCGTGTTGTCTTCTCT
hsa-miR-497-3p	CAAACCACACTGTGGTGTTAGA
hsa-miR-497-5p	CAGCAGCACACTGTGGTTTGT
hsa-miR-498-3p	AAAGCACCTCCAGAGCTTGAAGC
hsa-miR-499a-3p	AACATCACAGCAAGTCTGTGCT
hsa-miR-499a-5p	TTAAGACTTGCAGTGATGTTT
hsa-miR-499b-3p	AACATCACTGCAAGTCTTAACA
hsa-miR-5000-5p	CAGTTCAGAAGTGTTCCTGAGT
hsa-miR-5001-3p	TTCTGCCTCTGTCCAGGTCCTT
hsa-miR-5001-5p	AGGGCTGGACTCAGCGGCGGAGCT
hsa-miR-5002-5p	AATTTGGTTTCTGAGGCACTTAGT
hsa-miR-5003-3p	TACTTTTCTAGGTTGTTGGGG
hsa-miR-5003-5p	TCACAACAACCTTGCAGGGTAGA
hsa-miR-5004-3p	CTTGGATTTTCCTGGGCCTCAG
hsa-miR-5006-3p	TTTCCCTTTCCATCCTGGCAG
hsa-miR-5006-5p	TTGCCAGGGCAGGAGGTGGAA
hsa-miR-5008-3p	CCTGTGCTCCCAGGGCCTCGC
hsa-miR-5008-5p	TGAGGCCCTTGGGGCACAGTGG
hsa-miR-5009-5p	TTGGACTTTTTCAGATTTGGGGAT
hsa-miR-500a-3p	ATGCACCTGGGCAAGGATTCTG
hsa-miR-500a-5p	TAATCCTTGCTACCTGGGTGAGA
hsa-miR-500b-3p	GCACCCAGGCAAGGATTCTG
hsa-miR-500b-5p	AATCCTTGCTACCTGGGT
hsa-miR-501-3p	AATGCACCCGGGCAAGGATTCT
hsa-miR-501-5p	AATCCTTTGTCCCTGGGTGAGA
hsa-miR-5010-3p	TTTTGTGTCTCCCATTCCCCAG
hsa-miR-5010-5p	AGGGGGATGGCAGAGCAAAATT
hsa-miR-5011-3p	GTGCATGGCTGTATATATAACA
hsa-miR-502-3p	AATGCACCTGGGCAAGGATTCA
hsa-miR-502-5p	ATCCTTGCTATCTGGGTGCTA
hsa-miR-503-3p	GGGGTATTGTTTCCGCTGCCAGG
hsa-miR-503-5p	TAGCAGCGGGAACAGTTCTGCAG
hsa-miR-504-3p	GGGAGTGCAGGGCAGGGTTTC
hsa-miR-504-5p	AGACCCTGGTCTGCACTCTATC
hsa-miR-5047	TTGCAGCTGCGGTTGTAAGGT
hsa-miR-505-3p	CGTCAACACTTGCTGGTTTCCT
hsa-miR-505-5p	GGGAGCCAGGAAGTATTGATGT
hsa-miR-506-3p	TAAGGCACCCTTCTGAGTAGA
hsa-miR-507	TTTTGCACCTTTTGGAGTGAA
hsa-miR-508-3p	TGATTGTAGCCTTTTGGAGTAGA
hsa-miR-5088-3p	TCCCTTCTTCCTGGGCCCTCA
hsa-miR-5088-5p	CAGGGCTCAGGGATTGGATGGAGG
hsa-miR-509-3p	TGATTGGTACGTCTGTGGGTAG
hsa-miR-509-5p	TACTGCAGACAGTGGCAATCA
hsa-miR-5090	CCGGGGCAGATTGGTGTAGGGTG
hsa-miR-5094	AATCAGTGAATGCCTTGAACCT
hsa-miR-510-5p	TACTCAGGAGAGTGGCAATCAC
hsa-miR-5100	TTCAGATCCCAGCGGTGCCTCT
hsa-miR-511-3p	AATGTGTAGCAAAAGACAGA
hsa-miR-511-5p	GTGTCTTTTGCTCTGCAGTCA
hsa-miR-512-5p	CACTCAGCCTTGAGGGCACTTTC
hsa-miR-513a-3p	TAAATTTCACCTTTCTGAGAAGG
hsa-miR-513b-3p	AAATGTCACCTTTTTGAGAGGA
hsa-miR-513b-5p	TTCACAAGGAGGTGTCATTTAT
hsa-miR-513c-3p	TAAATTTCACCTTTCTGAGAAGA
hsa-miR-514a-5p	TACTCTGGAGAGTGACAATCATG
hsa-miR-514b-5p	TTCTCAAGAGGGAGGCAATCAT
hsa-miR-515-3p	GAGTGCCTTCTTTTGGAGCGTT
hsa-miR-515-5p	TTCTCCAAAAGAAAGCACTTTCTG
hsa-miR-516a-5p	TTCTCGAGGAAAGAAGCACTTTC
hsa-miR-5186	AGAGATTGGTAGAAATCAGGT
hsa-miR-5187-3p	ACTGAATCCTCTTTTCCTCAG
hsa-miR-5187-5p	TGGGATGAGGGATTGAAGTGGA
hsa-miR-5189-5p	TCTGGGCACAGGCGGATGGACAGG
hsa-miR-518a-3p	GAAAGCGCTTCCCTTTGCTGGA
hsa-miR-518a-5p	CTGCAAAGGGAAGCCCTTTC
hsa-miR-518b	CAAAGCGCTCCCCTTTAGAGGT
hsa-miR-5190	CCAGTGACTGAGCTGGAGCCA
hsa-miR-5192	AGGAGAGTGGATTCCAGGTGGT
hsa-miR-5195-3p	ATCCAGTTCTCTGAGGGGGCT
hsa-miR-5197-3p	AAGAAGAGACTGAGTCATCGAAT
hsa-miR-519d-3p	CAAAGTGCCTCCCTTTAGAGTG
hsa-miR-520a-3p	AAAGTGCTTCCCTTTGGACTGT
hsa-miR-520b-3p	AAAGTGCTTCCTTTTAGAGGG
hsa-miR-520d-3p	AAAGTGCTTCTCTTTGGTGGGT
hsa-miR-520e-3p	AAAGTGCTTCCTTTTTGAGGG
hsa-miR-520g-5p	TCTAGAGGAAGCACTTTCTGTTT
hsa-miR-522-3p	AAAATGGTTCCCTTTAGAGTGT
hsa-miR-524-3p	GAAGGCGCTTCCCTTTGGAGT
hsa-miR-526b-5p	CTCTTGAGGGAAGCACTTTCTGT
hsa-miR-527	CTGCAAAGGGAAGCCCTTTC
hsa-miR-532-3p	CCTCCCACACCCAAGGCTTGCA
hsa-miR-532-5p	CATGCCTTGAGTGTAGGACCGT
hsa-miR-539-3p	ATCATACAAGGACAATTTCTTT
hsa-miR-539-5p	GGAGAAATTATCCTTGGTGTGT
hsa-miR-542-3p	TGTGACAGATTGATAACTGAAA
hsa-miR-542-5p	TCGGGGATCATCATGTCACGAGA
hsa-miR-544a	ATTCTGCATTTTTAGCAAGTTC
hsa-miR-544b	ACCTGAGGTTGTGCATTTCTAA
hsa-miR-545-3p	TCAGCAAACATTTATTGTGTGC
hsa-miR-545-5p	TCAGTAAATGTTTATTAGATGA
hsa-miR-548a-3p	CAAAACTGGCAATTACTTTTGC
hsa-miR-548a-5p	AAAAGTAATTGCGAGTTTTACC
hsa-miR-548aa	AAAAACCACAATTACTTTTGCACCA
hsa-miR-548ab	AAAAGTAATTGTGGATTTTGCT
hsa-miR-548ad-3p	GAAAACGACAATGACTTTTGCA
hsa-miR-548ad-5p	AAAAGTAATTGTGGTTTTTG
hsa-miR-548ae-3p	CAAAAACTGCAATTACTTTCA
hsa-miR-548ae-5p	AAAAGTAATTGTGGTTTTTGCC
hsa-miR-548ag	AAAGGTAATTGTGGTTTCTGC
hsa-miR-548ah-3p	AAAACTGCAGTTACTTTTGC
hsa-miR-548ai	AAAGGTAATTGCAGTTTTTCCC
hsa-miR-548aj-3p	TAAAAACTGCAATTACTTTTA
hsa-miR-548aj-5p	TGCAAAAGTAATTGCAGTTTTTG
hsa-miR-548ak	AAAAGTAACTGCGGTTTTTGA
hsa-miR-548am-5p	AAAAGTAATTGCGGTTTTTGCC
hsa-miR-548an	AAAAGGCATTGTGGTTTTTG
hsa-miR-548ap-5p	AAAAGTAATTGCGGTCTTT
hsa-miR-548aq-3p	CAAAAACTGCAATTACTTTTGC
hsa-miR-548aq-5p	GAAAGTAATTGCTGTTTTTGCC
hsa-miR-548ar-3p	TAAAACTGCAGTTATTTTTGC
hsa-miR-548ar-5p	AAAAGTAATTGCAGTTTTTGC
hsa-miR-548as-3p	TAAAACCCACAATTATGTTTGT
hsa-miR-548as-5p	AAAAGTAATTGCGGGTTTTGCC
hsa-miR-548au-3p	TGGCAGTTACTTTTGCACCAG
hsa-miR-548au-5p	AAAAGTAATTGCGGTTTTTGCC
hsa-miR-548av-3p	AAAACTGCAGTTACTTTTGC
hsa-miR-548av-5p	AAAAGTACTTGCGGATTT
hsa-miR-548aw	GTGCAAAAGTCATCACGGTT
hsa-miR-548ax	AGAAGTAATTGCGGTTTTGCCA
hsa-miR-548ay-3p	CAAAACCGCGATTACTCTTGCA
hsa-miR-548ay-5p	AAAAGTAATTGTGGTTTTTGC
hsa-miR-548az-3p	AAAAACTGCAATCACTTTTGC
hsa-miR-548az-5p	CAAAAGTGATTGTGGTTTTTGC
hsa-miR-548b-3p	CAAGAACCTCAGTTGCTTTTGT
hsa-miR-548b-5p	AAAAGTAATTGTGGTTTTGGCC
hsa-miR-548bb-3p	CAAAAACCATAGTTACTTTTGC
hsa-miR-548bc	AAAAACTGTGATTACTTTTGC
hsa-miR-548c-3p	CAAAAATCTCAATTACTTTTGC
hsa-miR-548c-5p	AAAAGTAATTGCGGTTTTTGCC
hsa-miR-548d-3p	CAAAAACCACAGTTTCTTTTGC
hsa-miR-548d-5p	AAAAGTAATTGTGGTTTTTGCC
hsa-miR-548e-3p	AAAAACTGAGACTACTTTTGCA
hsa-miR-548e-5p	CAAAAGCAATCGCGGTTTTTGC
hsa-miR-548f-3p	AAAAACTGTAATTACTTTT
hsa-miR-548f-5p	TGCAAAAGTAATCACAGTTTTT
hsa-miR-548g-3p	AAAACTGTAATTACTTTTGTAC
hsa-miR-548g-5p	TGCAAAAGTAATTGCAGTTTTTG
hsa-miR-548h-3p	CAAAAACCGCAATTACTTTTGCA
hsa-miR-548h-5p	AAAAGTAATCGCGGTTTTTGTC
hsa-miR-548i	AAAAGTAATTGCGGATTTTGCC
hsa-miR-548j-3p	CAAAAACTGCATTACTTTTGC
hsa-miR-548j-5p	AAAAGTAATTGCGGTCTTTGGT
hsa-miR-548k	AAAAGTACTTGCGGATTTTGCT
hsa-miR-548l	AAAAGTATTTGCGGGTTTTGTC
hsa-miR-548n	CAAAAGTAATTGTGGATTTTGT
hsa-miR-548o-3p	CCAAAACTGCAGTTACTTTTGC
hsa-miR-548o-5p	AAAAGTAATTGCGGTTTTTGCC
hsa-miR-548p	TAGCAAAAACTGCAGTTACTTT
hsa-miR-548q	GCTGGTGCAAAAGTAATGGCGG
hsa-miR-548s	ATGGCCAAAACTGCAGTTATTTT
hsa-miR-548t-3p	AAAAACCACAATTACTTTTGCACCA
hsa-miR-548u	CAAAGACTGCAATTACTTTTGCG
hsa-miR-548v	AGCTACAGTTACTTTTGCACCA
hsa-miR-548w	AAAAGTAACTGCGGTTTTTGCCT
hsa-miR-548x-3p	TAAAAACTGCAATTACTTTC
hsa-miR-548x-5p	TGCAAAAGTAATTGCAGTTTTTG
hsa-miR-548y	AAAAGTAATCACTGTTTTTGCC
hsa-miR-548z	CAAAAACCGCAATTACTTTTGCA
hsa-miR-550a-3-5p	AGTGCCTGAGGGAGTAAGAG
hsa-miR-550a-3p	TGTCTTACTCCCTCAGGCACAT
hsa-miR-550a-5p	AGTGCCTGAGGGAGTAAGAGCCC
hsa-miR-550b-2-5p	ATGTGCCTGAGGGAGTAAGACA
hsa-miR-550b-3p	TCTTACTCCCTCAGGCACTG
hsa-miR-551a	GCGACCCACTCTTGGTTTCCA
hsa-miR-551b-3p	GCGACCCATACTTGGTTTCAG
hsa-miR-551b-5p	GAAATCAAGCGTGGGTGAGACC
hsa-miR-555	AGGGTAAGCTGAACCTCTGAT
hsa-miR-556-3p	ATATTACCATTAGCTCATCTTT
hsa-miR-556-5p	GATGAGCTCATTGTAATATGAG
hsa-miR-5571-3p	GTCCTAGGAGGCTCCTCTG
hsa-miR-5571-5p	CAATTCTCAAAGGAGCCTCCC
hsa-miR-5579-3p	TTAGCTTAAGGAGTACCAGATC
hsa-miR-5579-5p	TATGGTACTCCTTAAGCTAAC
hsa-miR-5580-3p	CACATATGAAGTGAGCCAGCAC
hsa-miR-5581-3p	TTCCATGCCTCCTAGAAGTTCC
hsa-miR-5581-5p	AGCCTTCCAGGAGAAATGGAGA
hsa-miR-5582-3p	TAAAACTTTAAGTGTGCCTAGG
hsa-miR-5583-3p	GAATATGGGTATATTAGTTTGG
hsa-miR-5583-5p	AAACTAATATACCCATATTCTG
hsa-miR-5584-3p	TAGTTCTTCCCTTTGCCCAATT
hsa-miR-5584-5p	CAGGGAAATGGGAAGAACTAGA
hsa-miR-5585-3p	CTGAATAGCTGGGACTACAGGT
hsa-miR-5585-5p	TGAAGTACCAGCTACTCGAGAG
hsa-miR-5586-3p	CAGAGTGACAAGCTGGTTAAAG
hsa-miR-5586-5p	TATCCAGCTTGTTACTATATGC
hsa-miR-5587-3p	GCCCCGGGCAGTGTGATCATC
hsa-miR-5587-5p	ATGGTCACCTCCGGGACT
hsa-miR-5588-3p	AAGTCCCACTAATGCCAGC
hsa-miR-5591-3p	ATACCCATAGCTTAGCTCCCA
hsa-miR-5591-5p	TGGGAGCTAAGCTATGGGTAT
hsa-miR-561-3p	CAAAGTTTAAGATCCTTGAAGT
hsa-miR-561-5p	ATCAAGGATCTTAAACTTTGCC
hsa-miR-562	AAAGTAGCTGTACCATTTGC
hsa-miR-563	AGGTTGACATACGTTTCCC
hsa-miR-564	AGGCACGGTGTCAGCAGGC
hsa-miR-567	AGTATGTTCTTCCAGGACAGAAC
hsa-miR-568	ATGTATAAATGTATACACAC
hsa-miR-5681a	AGAAAGGGTGGCAATACCTCTT
hsa-miR-5681b	AGGTATTGCCACCCTTTCTAGT
hsa-miR-5682	GTAGCACCTTGCAGGATAAGGT
hsa-miR-5683	TACAGATGCAGATTCTCTGACTTC
hsa-miR-5684	AACTCTAGCCTGAGCAACAG
hsa-miR-5688	TAACAAACACCTGTAAAACAGC
hsa-miR-5689	AGCATACACCTGTAGTCCTAGA
hsa-miR-569	AGTTAATGAATCCTGGAAAGT
hsa-miR-5690	TCAGCTACTACCTCTATTAGG
hsa-miR-5692a	CAAATAATACCACAGTGGGTGT
hsa-miR-5693	GCAGTGGCTCTGAAATGAACTC
hsa-miR-5694	CAGATCATGGGACTGTCTCAG
hsa-miR-5695	ACTCCAAGAAGAATCTAGACAG
hsa-miR-5696	CTCATTTAAGTAGTCTGATGCC
hsa-miR-5697	TCAAGTAGTTTCATGATAAAGG
hsa-miR-5698	TGGGGGAGTGCAGTGATTGTGG
hsa-miR-5699-3p	TCCTGTCTTTCCTTGTTGGAGC
hsa-miR-5699-5p	TGCCCCAACAAGGAAGGACAAG
hsa-miR-570-3p	CGAAAACAGCAATTACCTTTGC
hsa-miR-570-5p	AAAGGTAATTGCAGTTTTTCCC
hsa-miR-5703	AGGAGAAGTCGGGAAGGT
hsa-miR-5708	ATGAGCGACTGTGCCTGACC
hsa-miR-572	GTCCGCTCGGCGGTGGCCCA
hsa-miR-574-3p	CACGCTCATGCACACACCCACA
hsa-miR-574-5p	TGAGTGTGTGTGTGTGAGTGTGT
hsa-miR-576-3p	AAGATGTGGAAAAATTGGAATC
hsa-miR-576-5p	ATTCTAATTTCTCCACGTCTTT
hsa-miR-577	TAGATAAAATATTGGTACCTG
hsa-miR-579-3p	TTCATTTGGTATAAACCGCGATT
hsa-miR-579-5p	TCGCGGTTTGTGCCAGATGACG
hsa-miR-580-3p	TTGAGAATGATGAATCATTAGG
hsa-miR-580-5p	TAATGATTCATCAGACTCAGAT
hsa-miR-581	TCTTGTGTTCTCTAGATCAGT
hsa-miR-582-3p	TAACTGGTTGAACAACTGAACC
hsa-miR-582-5p	TTACAGTTGTTCAACCAGTTACT
hsa-miR-584-3p	TCAGTTCCAGGCCAACCAGGCT
hsa-miR-584-5p	TTATGGTTTGCCTGGGACTGAG
hsa-miR-585-3p	TGGGCGTATCTGTATGCTA
hsa-miR-585-5p	CTAGCACACAGATACGCCCAGA
hsa-miR-588	TTGGCCACAATGGGTTAGAAC
hsa-miR-589-3p	TCAGAACAAATGCCGGTTCCCAGA
hsa-miR-589-5p	TGAGAACCACGTCTGCTCTGAG
hsa-miR-590-3p	TAATTTTATGTATAAGCTAGT
hsa-miR-590-5p	GAGCTTATTCATAAAAGTGCAG
hsa-miR-591	AGACCATGGGTTCTCATTGT
hsa-miR-592	TTGTGTCAATATGCGATGATGT
hsa-miR-593-3p	TGTCTCTGCTGGGGTTTCT
hsa-miR-593-5p	AGGCACCAGCCAGGCATTGCTCAGC
hsa-miR-596	AAGCCTGCCCGGCTCCTCGGG
hsa-miR-597-3p	TGGTTCTCTTGTGGCTCAAGCGT
hsa-miR-597-5p	TGTGTCACTCGATGACCACTGT
hsa-miR-598-3p	TACGTCATCGTTGTCATCGTCA
hsa-miR-598-5p	GCGGTGATCCCGATGGTGTGAGC
hsa-miR-601	TGGTCTAGGATTGTTGGAGGAG
hsa-miR-602	GACACGGGCGACAGCTGCGGCCC
hsa-miR-605-3p	AGAAGGCACTATGAGATTTAGA
hsa-miR-605-5p	TAAATCCCATGGTGCCTTCTCCT
hsa-miR-607	GTTCAAATCCAGATCTATAAC
hsa-miR-6072	TCCTCATCACACTGCACCTTAG
hsa-miR-6073	GGTAGTGAGTTATCAGCTAC
hsa-miR-6074	GATATTCAGAGGCTAGGTGG
hsa-miR-6077	GGGAAGAGCTGTACGGCCTTC
hsa-miR-6079	TTGGAAGCTTGGACCAACTAGCTG
hsa-miR-6084	TTCCGCCAGTCGGTGGCCGG
hsa-miR-610	TGAGCTAAATGTGTGCTGGGA
hsa-miR-612	GCTGGGCAGGGCTTCTGAGCTCCTT
hsa-miR-6126	GTGAAGGCCCGGCGGAGA
hsa-miR-6129	TGAGGGAGTTGGGTGTATA
hsa-miR-613	AGGAATGTTCCTTCTTTGCC
hsa-miR-6132	AGCAGGGCTGGGGATTGCA
hsa-miR-6134	TGAGGTGGTAGGATGTAGA
hsa-miR-614	GAACGCCTGTTCTTGCCAGGTGG
hsa-miR-615-3p	TCCGAGCCTGGGTCTCCCTCTT
hsa-miR-615-5p	GGGGGTCCCCGGTGCTCGGATC
hsa-miR-616-3p	AGTCATTGGAGGGTTTGAGCAG
hsa-miR-616-5p	ACTCAAAACCCTTCAGTGACTT
hsa-miR-618	AAACTCTACTTGTCCTTCTGAGT
hsa-miR-619-5p	GCTGGGATTACAGGCATGAGCC
hsa-miR-620	ATGGAGATAGATATAGAAAT
hsa-miR-621	GGCTAGCAACAGCGCTTACCT
hsa-miR-623	ATCCCTTGCAGGGGCTGTTGGGT
hsa-miR-624-3p	CACAAGGTATTGGTATTACCT
hsa-miR-624-5p	TAGTACCAGTACCTTGTGTTCA
hsa-miR-625-3p	GACTATAGAACTTTCCCCCTCA
hsa-miR-625-5p	AGGGGGAAAGTTCTATAGTCC
hsa-miR-626	AGCTGTCTGAAAATGTCTT
hsa-miR-627-3p	TCTTTTCTTTGAGACTCACT
hsa-miR-627-5p	GTGAGTCTCTAAGAAAAGAGGA
hsa-miR-628-3p	TCTAGTAAGAGTGGCAGTCGA
hsa-miR-628-5p	ATGCTGACATATTTACTAGAGG
hsa-miR-629-3p	GTTCTCCCAACGTAAGCCCAGC
hsa-miR-629-5p	TGGGTTTACGTTGGGAGAACT
hsa-miR-630	AGTATTCTGTACCAGGGAAGGT
hsa-miR-631	AGACCTGGCCCAGACCTCAGC
hsa-miR-632	GTGTCTGCTTCCTGTGGGA
hsa-miR-634	AACCAGCACCCCAACTTTGGAC
hsa-miR-635	ACTTGGGCACTGAAACAATGTCC
hsa-miR-636	TGTGCTTGCTCGTCCCGCCCGCA
hsa-miR-637	ACTGGGGGCTTTCGGGCTCTGCGT
hsa-miR-639	ATCGCTGCGGTTGCGAGCGCTGT
hsa-miR-641	AAAGACATAGGATAGAGTCACCTC
hsa-miR-642a-3p	AGACACATTTGGAGAGGGAACC
hsa-miR-642a-5p	GTCCCTCTCCAAATGTGTCTTG
hsa-miR-642b-3p	AGACACATTTGGAGAGGGACCC
hsa-miR-643	ACTTGTATGCTAGCTCAGGTAG
hsa-miR-646	AAGCAGCTGCCTCTGAGGC
hsa-miR-647	GTGGCTGCACTCACTTCCTTC
hsa-miR-649	AAACCTGTGTTGTTCAAGAGTC
hsa-miR-6499-3p	AGCAGTGTTTGTTTTGCCCACA
hsa-miR-6500-3p	ACACTTGTTGGGATGACCTGC
hsa-miR-6500-5p	AGGAGCTATCCACTCCAGGTGTCC
hsa-miR-6501-3p	CCAGAGCAGCCTGCGGTAACAGT
hsa-miR-6501-5p	AGTTGCCAGGGCTGCCTTTGGT
hsa-miR-6505-3p	TGACTTCTACCTCTTCCAAAG
hsa-miR-6505-5p	TTGGAATAGGGGATATCTCAGC
hsa-miR-6506-5p	ACTGGGATGTCACTGAATATGGT
hsa-miR-6507-3p	CAAAGTCCTTCCTATTTTTCCC
hsa-miR-6509-3p	TTCCACTGCCACTACCTAATTT
hsa-miR-6509-5p	ATTAGGTAGTGGCAGTGGAAC
hsa-miR-651-3p	AAAGGAAAGTGTATCCTAAAAG
hsa-miR-651-5p	TTTAGGATAAGCTTGACTTTTG
hsa-miR-6511a-3p	CCTCACCATCCCTTCTGCCTGC
hsa-miR-6511a-5p	CTGCAGGCAGAAGTGGGGCTGACA
hsa-miR-6511b-5p	CTGCAGGCAGAAGTGGGGCTGACA
hsa-miR-6512-3p	TTCCAGCCCTTCTAATGGTAGG
hsa-miR-6512-5p	TACCATTAGAAGAGCTGGAAGA
hsa-miR-6514-3p	CTGCCTGTTCTTCCACTCCAG
hsa-miR-6514-5p	TATGGAGTGGACTTTCAGCTGGC
hsa-miR-6515-3p	TCTCTTCATCTACCCCCCAG
hsa-miR-6515-5p	TTGGAGGGTGTGGAAGACATC
hsa-miR-652-3p	AATGGCGCCACTAGGGTTGTG
hsa-miR-652-5p	CAACCCTAGGAGAGGGTGCCATTCA
hsa-miR-653-3p	TTCACTGGAGTTTGTTTCAATA
hsa-miR-653-5p	GTGTTGAAACAATCTCTACTG
hsa-miR-657	GGCAGGTTCTCACCCTCTCTAGG
hsa-miR-659-3p	CTTGGTTCAGGGAGGGTCCCCA
hsa-miR-660-3p	ACCTCCTGTGTGCATGGATTA
hsa-miR-660-5p	TACCCATTGCATATCGGAGTTG
hsa-miR-662	TCCCACGTTGTGGCCCAGCAG
hsa-miR-663a	AGGCGGGGCGCCGCGGGACCGC
hsa-miR-663b	GGTGGCCCGGCCGTGCCTGAGG
hsa-miR-665	ACCAGGAGGCTGAGGCCCCT
hsa-miR-670-3p	TTTCCTCATATTCATTCAGGA
hsa-miR-671-3p	TCCGGTTCTCAGGGCTCCACC
hsa-miR-671-5p	AGGAAGCCCTGGAGGGGCTGGAG
hsa-miR-6716-3p	TCCGAACTCTCCATTCCTCTGC
hsa-miR-6717-5p	AGGCGATGTGGGGATGTAGAGA
hsa-miR-6719-3p	TCTGACATCAGTGATTCTCCTG
hsa-miR-6720-3p	CGCGCCTGCAGGAACTGGTAGA
hsa-miR-6720-5p	TTCCAGCCCTGGTAGGCGCCGCG
hsa-miR-6721-5p	TGGGCAGGGGCTTATTGTAGGAG
hsa-miR-6726-3p	CTCGCCCTGTCTCCCGCTAG
hsa-miR-6726-5p	CGGGAGCTGGGGTCTGCAGGT
hsa-miR-6728-3p	TCTCTGCTCTGCTCTCCCCAG
hsa-miR-6728-5p	TTGGGATGGTAGGACCAGAGGGG
hsa-miR-6730-3p	CCTGACACCCCATCTGCCCTCA
hsa-miR-6731-3p	TCTATTCCCCACTCTCCCCAG
hsa-miR-6731-5p	TGGGAGAGCAGGGTATTGTGGA
hsa-miR-6733-3p	TCAGTGTCTGGATTTCCTAG
hsa-miR-6733-5p	TGGGAAAGACAAACTCAGAGTT
hsa-miR-6734-3p	CCCTTCCCTCACTCTTCTCTCAG
hsa-miR-6734-5p	TTGAGGGGAGAATGAGGTGGAGA
hsa-miR-6735-3p	AGGCCTGTGGCTCCTCCCTCAG
hsa-miR-6735-5p	CAGGGCAGAGGGCACAGGAATCTGA
hsa-miR-6736-3p	TCAGCTCCTCTCTACCCACAG
hsa-miR-6736-5p	CTGGGTGAGGGCATCTGTGGT
hsa-miR-6737-3p	TCTGTGCTTCACCCCTACCCAG
hsa-miR-6738-3p	CTTCTGCCTGCATTCTACTCCCAG
hsa-miR-6739-3p	ATTGTTCTGTCTTTCTCCCAG
hsa-miR-6740-3p	TGTCTTCTCTCCTCCCAAACAG
hsa-miR-6740-5p	AGTTTGGGATGGAGAGAGGAGA
hsa-miR-6741-3p	TCGGCTCTCTCCCTCACCCTAG
hsa-miR-6742-3p	ACCTGGGTTGTCCCCTCTAG
hsa-miR-6742-5p	AGTGGGGTGGGACCCAGCTGTT
hsa-miR-6744-3p	GGGCCTCTCTTGTCATCCTGCAG
hsa-miR-6745	TGGGTGGAAGAAGGTCTGGTT
hsa-miR-6746-5p	CCGGGAGAAGGAGGTGGCCTGG
hsa-miR-6747-3p	TCCTGCCTTCCTCTGCACCAG
hsa-miR-6748-3p	TCCTGTCCCTGTCTCCTACAG
hsa-miR-675-3p	CTGTATGCCCTCACCGCTCA
hsa-miR-675-5p	TGGTGCGGAGAGGGCCCACAGTG
hsa-miR-6750-3p	GAACTCACCCTCTGCTCCCAG
hsa-miR-6750-5p	CAGGGAACAGCTGGGTGAGCTGCT
hsa-miR-6751-3p	ACTGAGCCTCTCTCTCTCCAG
hsa-miR-6751-5p	TTGGGGGTGAGGTTGGTGTCTGG
hsa-miR-6753-3p	TGGTCTGTCTCTGCCCTGGCAC
hsa-miR-6753-5p	CACCAGGGCAGAGCAGGGCTGA
hsa-miR-6754-3p	TCTTCACCTGCCTCTGCCTGCA
hsa-miR-6754-5p	CCAGGGAGGCTGGTTTGGAGGA
hsa-miR-6755-5p	TAGGGTAGACACTGACAACGTT
hsa-miR-6757-3p	AACACTGGCCTTGCTATCCCCA
hsa-miR-6758-3p	ACTCATTCTCCTCTGTCCAG
hsa-miR-6758-5p	TAGAGAGGGGAAGGATGTGATGT
hsa-miR-6759-3p	TGACCTTTGCCTCTCCCCTCAG
hsa-miR-6759-5p	TTGTGGGTGGGCAGAAGTCTGT
hsa-miR-676-3p	CTGTCCTAAGGTTGTTGAGTT
hsa-miR-676-5p	TCTTCAACCTCAGGACTTGCA
hsa-miR-6760-5p	CAGGGAGAAGGTGGAAGTGCAGA
hsa-miR-6762-3p	TGGCTGCTTCCCTTGGTCTCCAG
hsa-miR-6762-5p	CGGGGCCATGGAGCAGCCTGTGT
hsa-miR-6764-3p	TCTCTGGTCTTTCCTTGACAG
hsa-miR-6764-5p	TCCCAGGGTCTGGTCAGAGTTG
hsa-miR-6765-3p	TCACCTGGCTGGCCCGCCCAG
hsa-miR-6766-3p	TGATTGTCTTCCCCCACCCTCA
hsa-miR-6766-5p	CGGGTGGGAGCAGATCTTATTGAG
hsa-miR-6767-3p	CCACGTGCTTCTCTTTCCGCAG
hsa-miR-6767-5p	TCGCAGACAGGGACACATGGAGA
hsa-miR-6768-3p	CAAAGGCCACATTCTCCTGTGCAC
hsa-miR-6768-5p	CACACAGGAAAAGCGGGGCCCTG
hsa-miR-6769a-3p	GAGCCCCTCTCTGCTCTCCAG
hsa-miR-6769a-5p	AGGTGGGTATGGAGGAGCCCT
hsa-miR-6770-3p	CTGGCGGCTGTGTCTTCACAG
hsa-miR-6770-5p	TGAGAAGGCACAGCTTGCACGTGA
hsa-miR-6771-3p	CAAACCCCTGTCTACCCGCAG
hsa-miR-6772-3p	TTGCTCCTGACTCTGTGCCCACA
hsa-miR-6773-3p	ACTGTCACTTCTCTGCCCATAG
hsa-miR-6774-3p	TCGTGTCCCTCTTGTCCACAG
hsa-miR-6774-5p	ACTTGGGCAGGAGGGACCCTGTATG
hsa-miR-6775-3p	AGGCCCTGTCCTCTGCCCCAG
hsa-miR-6776-3p	CAACCACCACTGTCTCTCCCCAG
hsa-miR-6777-5p	ACGGGGAGTCAGGCAGTGGTGGA
hsa-miR-6778-3p	TGCCTCCCTGACATTCCACAG
hsa-miR-6780a-5p	TTGGGAGGGAAGACAGCTGGAGA
hsa-miR-6780b-3p	TCCCTTGTCTCCTTTCCCTAG
hsa-miR-6781-3p	TGCCTCTTTTCCACGGCCTCAG
hsa-miR-6783-3p	TTCCTGGGCTTCTCCTCTGTAG
hsa-miR-6783-5p	TAGGGGAAAAGTCCTGATCCGG
hsa-miR-6786-3p	TGACGCCCCTTCTGATTCTGCCT
hsa-miR-6787-3p	TCTCAGCTGCTGCCCTCTCCAG
hsa-miR-6788-5p	CTGGGAGAAGAGTGGTGAAGA
hsa-miR-6789-3p	CGGCGCCCGTGTCTCCTCCAG
hsa-miR-6791-5p	CCCCTGGGGCTGGGCAGGCGGA
hsa-miR-6792-5p	GTAAGCAGGGGCTCTGGGTGA
hsa-miR-6796-5p	TTGTGGGGTTGGAGAGCTGGCTG
hsa-miR-6797-3p	TGCATGACCCTTCCCTCCCCAC
hsa-miR-6797-5p	AGGAGGGAAGGGGCTGAGAACAGGA
hsa-miR-6799-3p	TGCCCTGCATGGTGTCCCCACAG
hsa-miR-6800-5p	GTAGGTGACAGTCAGGGGCGG
hsa-miR-6801-5p	TGGTCAGAGGCAGCAGGAAATGA
hsa-miR-6802-3p	TTCACCCCTCTCACCTAAGCAG
hsa-miR-6802-5p	CTAGGTGGGGGGCTTGAAGC
hsa-miR-6804-5p	TGAGGGTGTCAGCAGGTGACG
hsa-miR-6806-3p	TGAAGCTCTGACATTCCTGCAG
hsa-miR-6806-5p	TGTAGGCATGAGGCAGGGCCCAGG
hsa-miR-6807-3p	CACTGCATTCCTGCTTGGCCCAG
hsa-miR-6807-5p	GTGAGCCAGTGGAATGGAGAGG
hsa-miR-6808-3p	GTGTGACCACCGTTCCTGCAG
hsa-miR-6809-3p	CTTCTCTTCTCTCCTTCCCAG
hsa-miR-6809-5p	TGGCAAGGAAAGAAGAGGATCA
hsa-miR-6811-3p	AGCCTGTGCTTGTCCCTGCAG
hsa-miR-6813-5p	CAGGGGCTGGGGTTTCAGGTTCT
hsa-miR-6814-3p	ACTCGCATCCTTCCCTTGGCAG
hsa-miR-6814-5p	TCCCAAGGGTGAGATGCTGCCA
hsa-miR-6815-5p	TAGGTGGCGCCGGAGGAGTCATT
hsa-miR-6816-3p	GAAGGACCTGCACCTTCG
hsa-miR-6818-3p	TTGTCTCTTGTTCCTCACACAG
hsa-miR-6818-5p	TTGTGTGAGTACAGAGAGCATC
hsa-miR-6820-3p	TGTGACTTCTCCCCTGCCACAG
hsa-miR-6820-5p	TGCGGCAGAGCTGGGGTCA
hsa-miR-6822-5p	CAGGGAACCAGTTGGGGCTT
hsa-miR-6823-3p	TGAGCCTCTCCTTCCCTCCAG
hsa-miR-6823-5p	TCAGGGTTGGTAGGGGTTGCT
hsa-miR-6824-3p	TCTCTGGTCTTGCCACCCCAG
hsa-miR-6825-3p	GCGCTGACCCGCCTTCTCCGCA
hsa-miR-6825-5p	TGGGGAGGTGTGGAGTCAGCAT
hsa-miR-6826-3p	CTCCCCTCTCTTTCCTGTTCAG
hsa-miR-6826-5p	TCAATAGGAAAGAGGTGGGACCT
hsa-miR-6827-3p	ACCGTCTCTTCTGTTCCCCAG
hsa-miR-6827-5p	TGGGAGCCATGAGGGTCTGTGC
hsa-miR-6828-3p	ATCTGCTCTCTTGTTCCCAG
hsa-miR-6829-3p	TGCCTCCTCCGTGGCCTCAG
hsa-miR-6829-5p	TGGGCTGCTGAGAAGGGGCA
hsa-miR-6830-3p	TGTCTTTCTTCTCTCCCTTGCAG
hsa-miR-6830-5p	CCAAGGAAGGAGGCTGGACATC
hsa-miR-6831-3p	TGACTAACTCCCACTCTACAG
hsa-miR-6831-5p	TAGGTAGAGTGTGAGGAGGAGGTC
hsa-miR-6832-3p	ACCCTTTTTCTCTTTCCCAG
hsa-miR-6832-5p	AGTAGAGAGGAAAAGTTAGGGTC
hsa-miR-6833-3p	TTTCTCTCTCCACTTCCTCAG
hsa-miR-6834-3p	TATGTCCCATCCCTCCATCA
hsa-miR-6834-5p	GTGAGGGACTGGGATTTGTGG
hsa-miR-6835-3p	AAAAGCACTTTTCTGTCTCCCAG
hsa-miR-6835-5p	AGGGGGTAGAAAGTGGCTGAAG
hsa-miR-6836-5p	CGCAGGGCCCTGGCGCAGGCAT
hsa-miR-6837-3p	CCTTCACTGTGACTCTGCTGCAG
hsa-miR-6838-3p	AAGTCCTGCTTCTGTTGCAG
hsa-miR-6838-5p	AAGCAGCAGTGGCAAGACTCCT
hsa-miR-6839-3p	TTGGGTTTTCTCTTCAATCCAG
hsa-miR-6840-3p	GCCCAGGACTTTGTGCGGGGTG
hsa-miR-6840-5p	ACCCCCGGGCAAAGACCTGCAGAT
hsa-miR-6841-5p	TAGGGTACTCAGAGCAAGTTGT
hsa-miR-6842-3p	TTGGCTGGTCTCTGCTCCGCAG
hsa-miR-6842-5p	TGGGGGTGGTCTCTAGCCAAGG
hsa-miR-6843-3p	ATGGTCTCCTGTTCTCTGCAG
hsa-miR-6844	TTCTTTGTTTTTAATTCACAG
hsa-miR-6845-5p	CGGGGCCAGAGCAGAGAGC
hsa-miR-6846-5p	TGGGGGCTGGATGGGGTAGAGT
hsa-miR-6847-3p	GGCTCATGTGTCTGTCCTCTTC
hsa-miR-6847-5p	ACAGAGGACAGTGGAGTGTGAGC
hsa-miR-6848-3p	GTGGTCTCTTGGCCCCCAG
hsa-miR-6849-3p	ACCAGCCTGTGTCCACCTCCAG
hsa-miR-6850-5p	GTGCGGAACGCTGGCCGGGGCG
hsa-miR-6851-3p	TGGCCCTTTGTACCCCTCCAG
hsa-miR-6851-5p	AGGAGGTGGTACTAGGGGCCAGC
hsa-miR-6852-3p	TGTCCTCTGTTCCTCAG
hsa-miR-6852-5p	CCCTGGGGTTCTGAGGACATG
hsa-miR-6853-3p	TGTTCATTGGAACCCTGCGCAG
hsa-miR-6854-5p	AAGCTCAGGTTTGAGAACTGCTGA
hsa-miR-6855-3p	AGACTGACCTTCAACCCCACAG
hsa-miR-6855-5p	TTGGGGTTTGGGGTGCAGACATTGC
hsa-miR-6856-3p	TACAGCCCTGTGATCTTTCCAG
hsa-miR-6856-5p	AAGAGAGGAGCAGTGGTGCTGTGG
hsa-miR-6857-3p	TGACTGAGCTTCTCCCCACAG
hsa-miR-6857-5p	TTGGGGATTGGGTCAGGCCAGT
hsa-miR-6858-3p	CAGCCAGCCCCTGCTCACCCCT
hsa-miR-6859-5p	GAGAGGAACATGGGCTCAGGACA
hsa-miR-6860	ACTGGGCAGGGCTGTGGTGAGT
hsa-miR-6861-3p	TGGACCTCTCCTCCCCAG
hsa-miR-6861-5p	ACTGGGTAGGTGGGGCTCCAGG
hsa-miR-6862-3p	CCTCACCCAGCTCTCTGGCCCTCT
hsa-miR-6862-5p	CGGGCATGCTGGGAGAGACTTT
hsa-miR-6864-3p	GTGAGACTTCTCTCCCTTCAG
hsa-miR-6864-5p	TTGAAGGGACAAGTCAGATATGCC
hsa-miR-6865-5p	TAGGTGGCAGAGGAGGGACTTCA
hsa-miR-6866-3p	GATCCCTTTATCTGTCCTCTAG
hsa-miR-6867-3p	CTCTCCCTCTTTACCCACTAG
hsa-miR-6867-5p	TGTGTGTGTAGAGGAAGAAGGGA
hsa-miR-6868-3p	TTCCTTCTGTTGTCTGTGCAG
hsa-miR-6868-5p	ACTGGCAGAACACTGAAGCAGC
hsa-miR-6870-3p	GCTCATCCCCATCTCCTTTCAG
hsa-miR-6871-3p	CAGCACCCTGTGGCTCCCACAG
hsa-miR-6871-5p	CATGGGAGTTCGGGGTGGTTGC
hsa-miR-6872-5p	TCTCGCATCAGGAGGCAAGG
hsa-miR-6873-3p	TTCTCTCTGTCTTTCTCTCTCAG
hsa-miR-6873-5p	CAGAGGGAATACAGAGGGCAAT
hsa-miR-6874-3p	CAGTTCTGCTGTTCTGACTCTAG
hsa-miR-6875-3p	ATTCTTCCTGCCCTGGCTCCAT
hsa-miR-6875-5p	TGAGGGACCCAGGACAGGAGA
hsa-miR-6876-5p	CAGGAAGGAGACAGGCAGTTCA
hsa-miR-6877-3p	CAGCCTCTGCCCTTGGCCTCC
hsa-miR-6877-5p	AGGGCCGAAGGGTGGAAGCTGC
hsa-miR-6878-3p	CTGGCCTCTTCTTTCTCCTAG
hsa-miR-6878-5p	AGGGAGAAAGCTAGAAGCTGAAG
hsa-miR-6879-3p	TGTCACCCGCTCCTTGCCCAG
hsa-miR-6880-5p	TGGTGGAGGAAGAGGGCAGCTC
hsa-miR-6882-3p	TGCTGCCTCTCCTCTTGCCTGCAG
hsa-miR-6882-5p	TACAAGTCAGGAGCTGAAGCAG
hsa-miR-6883-3p	TTCCCTATCTCACTCTCCTCAG
hsa-miR-6884-5p	AGAGGCTGAGAAGGTGATGTTG
hsa-miR-6885-3p	CTTTGCTTCCTGCTCCCCTAG
hsa-miR-6885-5p	AGGGGGGCACTGCGCAAGCAAAGCC
hsa-miR-6886-3p	TGCCCTTCTCTCCTCCTGCCT
hsa-miR-6886-5p	CCCGCAGGTGAGATGAGGGCT
hsa-miR-6887-5p	TGGGGGGACAGATGGAGAGGACA
hsa-miR-6888-3p	ATCTGTCTCGATTGTTTCCAG
hsa-miR-6888-5p	AAGGAGATGCTCAGGCAGAT
hsa-miR-6889-3p	TCTGTGCCCCTACTTCCCAG
hsa-miR-6889-5p	TCGGGGAGTCTGGGGTCCGGAAT
hsa-miR-6890-3p	CCACTGCCTATGCCCCACAG
hsa-miR-6890-5p	CATGGGGTAGGGCAGAGTAGG
hsa-miR-6893-3p	CCCTGCTGCCTTCACCTGCCAG
hsa-miR-6894-3p	TTGCCTGCCCTCTTCCTCCAG
hsa-miR-6894-5p	AGGAGGATGGAGAGCTGGGCCAGA
hsa-miR-6895-3p	TGTCTCTCGCCCTTGGCCTTAG
hsa-miR-6895-5p	CAGGGCCAGGCACAGAGTAAG
hsa-miR-7-1-3p	CAACAAATCACAGTCTGCCATA
hsa-miR-7-2-3p	CAACAAATCCCAGTCTACCTAA
hsa-miR-7-5p	TGGAAGACTAGTGATTTTGTTGTT
hsa-miR-708-3p	CAACTAGACTGTGAGCTTCTAG
hsa-miR-708-5p	AAGGAGCTTACAATCTAGCTGGG
hsa-miR-7106-3p	AGCTCCCTGAATCCCTGTCCCAG
hsa-miR-7109-3p	CAAGCCTCTCCTGCCCTTCCAG
hsa-miR-7109-5p	CTGGGGGGAGGAGACCCTGCT
hsa-miR-711	GGGACCCAGGGAGAGACGTAAG
hsa-miR-7110-3p	TCTCTCTCCCACTTCCCTGCAG
hsa-miR-7111-5p	TGGGGGAGGAAGGACAGGCCAT
hsa-miR-7112-3p	TGCATCACAGCCTTTGGCCCTAG
hsa-miR-7112-5p	ACGGGCAGGGCAGTGCACCCTG
hsa-miR-7113-3p	CCTCCCTGCCCGCCTCTCTGCAG
hsa-miR-7113-5p	TCCAGGGAGACAGTGTGTGAG
hsa-miR-7114-5p	TCTGTGGAGTGGGGTGCCTGT
hsa-miR-7152-3p	TCTGGTCCTGGACAGGAGGC
hsa-miR-7152-5p	TTTCCTGTCCTCCAACCAGACC
hsa-miR-7153-5p	TGAGAACTGACAAATGTGGTAGG
hsa-miR-7155-5p	TCTGGGGTCTTGGGCCATC
hsa-miR-7156-3p	CTGCAGCCACTTGGGGAACTGGT
hsa-miR-7156-5p	TTGTTCTCAAACTGGCTGTCAGA
hsa-miR-7158-5p	GGCTCAATCTCTGGTCCTGCAGCC
hsa-miR-7160-3p	CAGGGCCCTGGCTTTAGCAGA
hsa-miR-7160-5p	TGCTGAGGTCCGGGCTGTGCC
hsa-miR-7161-3p	TAGATCTTTGACTCTGGCAGTCTCCAGG
hsa-miR-7161-5p	TAAAGACTGTAGAGGCAACTGGT
hsa-miR-7162-3p	TCTGAGGTGGAACAGCAGC
hsa-miR-718	CTTCCGCCCCGCCGGGCGTCG
hsa-miR-744-3p	CTGTTGCCACTAACCTCAACCT
hsa-miR-744-5p	TGCGGGGCTAGGGCTAACAGCA
hsa-miR-760	CGGCTCTGGGTCTGTGGGGA
hsa-miR-761	GCAGCAGGGTGAAACTGACACA
hsa-miR-765	TGGAGGAGAAGGAAGGTGATG
hsa-miR-766-3p	ACTCCAGCCCCACAGCCTCAGC
hsa-miR-766-5p	AGGAGGAATTGGTGCTGGTCTT
hsa-miR-767-3p	TCTGCTCATACCCCATGGTTTCT
hsa-miR-767-5p	TGCACCATGGTTGTCTGAGCATG
hsa-miR-769-3p	CTGGGATCTCCGGGGTCTTGGTT
hsa-miR-769-5p	TGAGACCTCTGGGTTCTGAGCT
hsa-miR-7703	TTGCACTCTGGCCTTCTCCCAGG
hsa-miR-7705	AATAGCTCAGAATGTCAGTTCTG
hsa-miR-7706	TGAAGCGCCTGTGCTCTGCCGAGA
hsa-miR-7843-3p	ATGAAGCCTTCTCTGCCTTACG
hsa-miR-7843-5p	GAGGGCAGAGCCAGCTTCCTGA
hsa-miR-7844-5p	AAAACTAGGACTGTGTGGTGTA
hsa-miR-7849-3p	GACAATTGTTGATCTTGGGCCT
hsa-miR-7851-3p	TACCTGGGAGACTGAGGTTGGA
hsa-miR-7854-3p	TGAGGTGACCGCAGATGGGAA
hsa-miR-7856-5p	TTTTAAGGACACTGAGGGATC
hsa-miR-7973	TGTGACCCTAGAATAATTAC
hsa-miR-7976	TGCCCTGAGACTTTTGCTC
hsa-miR-802	CAGTAACAAAGATTCATCCTTGT
hsa-miR-8054	GAAAGTACAGATCGGATGGGT
hsa-miR-8055	CTTTGAGCACATGAGCAGACGGA
hsa-miR-8057	GTGGCTCTGTAGTAAGATGGA
hsa-miR-8059	GGGGAACTGTAGATGAAAAGGC
hsa-miR-8073	ACCTGGCAGCAGGGAGCGTCGT
hsa-miR-8076	TATATGGACTTTTCTGATACAATG
hsa-miR-8085	TGGGAGAGAGGACTGTGAGGC
hsa-miR-8087	GAAGACTTCTTGGATTACAGGGG
hsa-miR-8485	CACACACACACACACACGTAT
hsa-miR-873-5p	GCAGGAACTTGTGAGTCTCCT
hsa-miR-874-3p	CTGCCCTGGCCCGAGGGACCGA
hsa-miR-874-5p	CGGCCCCACGCACCAGGGTAAGA
hsa-miR-875-5p	TATACCTCAGTTTTATCAGGTG
hsa-miR-876-3p	TGGTGGTTTACAAAGTAATTCA
hsa-miR-876-5p	TGGATTTCTTTGTGAATCACCA
hsa-miR-877-5p	GTAGAGGAGATGGCGCAGGG
hsa-miR-887-3p	GTGAACGGGCGCCATCCCGAGG
hsa-miR-888-3p	GACTGACACCTCTTTGGGTGAA
hsa-miR-888-5p	TACTCAAAAAGCTGTCAGTCA
hsa-miR-889-5p	AATGGCTGTCCGTAGTATGGTC
hsa-miR-890	TACTTGGAAAGGCATCAGTTG
hsa-miR-891a-3p	AGTGGCACATGTTTGTTGTGAG
hsa-miR-891a-5p	TGCAACGAACCTGAGCCACTGA
hsa-miR-891b	TGCAACTTACCTGAGTCATTGA
hsa-miR-892a	CACTGTGTCCTTTCTGCGTAG
hsa-miR-892b	CACTGGCTCCTTTCTGGGTAGA
hsa-miR-892c-5p	TATTCAGAAAGGTGCCAGTCA
hsa-miR-9-3p	ATAAAGCTAGATAACCGAAAGT
hsa-miR-9-5p	TCTTTGGTTATCTAGCTGTATGA
hsa-miR-920	GGGGAGCTGTGGAAGCAGTA
hsa-miR-922	GCAGCAGAGAATAGGACTACGTC
hsa-miR-924	AGAGTCTTGTGATGTCTTGC
hsa-miR-92a-1-5p	AGGTTGGGATCGGTTGCAATGCT
hsa-miR-92a-3p	TATTGCACTTGTCCCGGCCTGT
hsa-miR-92b-3p	TATTGCACTCGTCCCGGCCTCC
hsa-miR-92b-5p	AGGGACGGGACGCGGTGCAGTG
hsa-miR-93-3p	ACTGCTGAGCTAGCACTTCCCG
hsa-miR-93-5p	CAAAGTGCTGTTCGTGCAGGTAG
hsa-miR-933	TGTGCGCAGGGAGACCTCTCCC
hsa-miR-935	CCAGTTACCGCTTCCGCTACCGC
hsa-miR-937-3p	ATCCGCGCTCTGACTCTCTGCC
hsa-miR-939-3p	CCCTGGGCCTCTGCTCCCCAG
hsa-miR-939-5p	TGGGGAGCTGAGGCTCTGGGGGTG
hsa-miR-940	AAGGCAGGGCCCCCGCTCCCC
hsa-miR-941	CACCCGGCTGTGTGCACATGTGC
hsa-miR-942-3p	CACATGGCCGAAACAGAGAAGT
hsa-miR-942-5p	TCTTCTCTGTTTTGGCCATGTG
hsa-miR-943	CTGACTGTTGCCGTCCTCCAG
hsa-miR-95-3p	TTCAACGGGTATTTATTGAGCA
hsa-miR-95-5p	TCAATAAATGTCTGTTGAATT
hsa-miR-96-3p	AATCATGTGCAGTGCCAATATG
hsa-miR-96-5p	TTTGGCACTAGCACATTTTTGCT
hsa-miR-98-3p	CTATACAACTTACTACTTTCCC
hsa-miR-98-5p	TGAGGTAGTAAGTTGTATTGTT
hsa-miR-9898	TACTTACCTGTCCCCTACCCCA
hsa-miR-9900	ACAGGTCCTAAGAGACTGCAT
hsa-miR-9901	CGGTCGCCGCGGTTCGCCGCC
hsa-miR-9903	TTATCCTCCAGTAGACTAGGGA
hsa-miR-9985	TTCACAGTGGCTAAGCTAT
hsa-miR-99a-3p	CAAGCTCGCTTCTATGGGTCTG
hsa-miR-99a-5p	AACCCGTAGATCCGATCTTGTG
hsa-miR-99b-3p	CAAGCTCGTGTCTGTGGGTCCG
hsa-miR-99b-5p	CACCCGTAGAACCGACCTTGCG
