curve,train_K,method,split,K,seed,metric,value,dataset
retrain,8.0,BRMIL,test,8,2020,aupr,0.99492474,miRAW
retrain,8.0,BRMIL,test,8,2020,f1@0.5,0.974057944,miRAW
retrain,8.0,BRMIL,test,8,2025,aupr,0.994854202,miRAW
retrain,8.0,BRMIL,test,8,2025,f1@0.5,0.958437081,miRAW
retrain,8.0,BRMIL,test,8,2026,aupr,0.989914123,miRAW
retrain,8.0,BRMIL,test,8,2026,f1@0.5,0.964782029,miRAW
retrain,16.0,BRMIL,test,16,2020,aupr,0.992459274,miRAW
retrain,16.0,BRMIL,test,16,2020,f1@0.5,0.969432314,miRAW
retrain,16.0,BRMIL,test,16,2025,aupr,0.996684584,miRAW
retrain,16.0,BRMIL,test,16,2025,f1@0.5,0.969099526,miRAW
retrain,16.0,BRMIL,test,16,2026,aupr,0.995438129,miRAW
retrain,16.0,BRMIL,test,16,2026,f1@0.5,0.971190296,miRAW
retrain,32.0,BRMIL,test,32,2020,aupr,0.99520922,miRAW
retrain,32.0,BRMIL,test,32,2020,f1@0.5,0.972890995,miRAW
retrain,32.0,BRMIL,test,32,2025,aupr,0.993629868,miRAW
retrain,32.0,BRMIL,test,32,2025,f1@0.5,0.975315621,miRAW
retrain,32.0,BRMIL,test,32,2026,aupr,0.992709198,miRAW
retrain,32.0,BRMIL,test,32,2026,f1@0.5,0.972111554,miRAW
retrain,64.0,BRMIL,test,64,2020,aupr,0.996134205,miRAW
retrain,64.0,BRMIL,test,64,2020,f1@0.5,0.973965162,miRAW
retrain,64.0,BRMIL,test,64,2025,aupr,0.994811096,miRAW
retrain,64.0,BRMIL,test,64,2025,f1@0.5,0.970940171,miRAW
retrain,64.0,BRMIL,test,64,2026,aupr,0.992912406,miRAW
retrain,64.0,BRMIL,test,64,2026,f1@0.5,0.963458963,miRAW
retrain,128.0,BRMIL,test,128,2020,aupr,0.995559421,miRAW
retrain,128.0,BRMIL,test,128,2020,f1@0.5,0.970744681,miRAW
retrain,128.0,BRMIL,test,128,2025,aupr,0.992675737,miRAW
retrain,128.0,BRMIL,test,128,2025,f1@0.5,0.970995261,miRAW
retrain,128.0,BRMIL,test,128,2026,aupr,0.995988393,miRAW
retrain,128.0,BRMIL,test,128,2026,f1@0.5,0.975416036,miRAW
retrain,256.0,BRMIL,test,256,2020,aupr,0.993397689,miRAW
retrain,256.0,BRMIL,test,256,2020,f1@0.5,0.968256985,miRAW
retrain,256.0,BRMIL,test,256,2025,aupr,0.993185579,miRAW
retrain,256.0,BRMIL,test,256,2025,f1@0.5,0.969040836,miRAW
retrain,256.0,BRMIL,test,256,2026,aupr,0.990656896,miRAW
retrain,256.0,BRMIL,test,256,2026,f1@0.5,0.967606707,miRAW
retrain,512.0,BRMIL,test,512,2020,aupr,0.993899203,miRAW
retrain,512.0,BRMIL,test,512,2020,f1@0.5,0.970409712,miRAW
retrain,512.0,BRMIL,test,512,2025,aupr,0.993956585,miRAW
retrain,512.0,BRMIL,test,512,2025,f1@0.5,0.970995261,miRAW
retrain,512.0,BRMIL,test,512,2026,aupr,0.99130979,miRAW
retrain,512.0,BRMIL,test,512,2026,f1@0.5,0.972164363,miRAW
trunc,512.0,BRMIL,test,8,2020,aupr,0.654194427,miRAW
trunc,512.0,BRMIL,test,8,2020,f1@0.5,0.83341304,miRAW
trunc,512.0,BRMIL,test,8,2025,aupr,0.880095267,miRAW
trunc,512.0,BRMIL,test,8,2025,f1@0.5,0.812548775,miRAW
trunc,512.0,BRMIL,test,8,2026,aupr,0.882796233,miRAW
trunc,512.0,BRMIL,test,8,2026,f1@0.5,0.843976527,miRAW
trunc,512.0,BRMIL,test,16,2020,aupr,0.685960124,miRAW
trunc,512.0,BRMIL,test,16,2020,f1@0.5,0.831864081,miRAW
trunc,512.0,BRMIL,test,16,2025,aupr,0.925292214,miRAW
trunc,512.0,BRMIL,test,16,2025,f1@0.5,0.840175239,miRAW
trunc,512.0,BRMIL,test,16,2026,aupr,0.91527725,miRAW
trunc,512.0,BRMIL,test,16,2026,f1@0.5,0.866242038,miRAW
trunc,512.0,BRMIL,test,32,2020,aupr,0.729178585,miRAW
trunc,512.0,BRMIL,test,32,2020,f1@0.5,0.858430718,miRAW
trunc,512.0,BRMIL,test,32,2025,aupr,0.941965539,miRAW
trunc,512.0,BRMIL,test,32,2025,f1@0.5,0.856667222,miRAW
trunc,512.0,BRMIL,test,32,2026,aupr,0.9355441,miRAW
trunc,512.0,BRMIL,test,32,2026,f1@0.5,0.88316904,miRAW
trunc,512.0,BRMIL,test,64,2020,aupr,0.780462395,miRAW
trunc,512.0,BRMIL,test,64,2020,f1@0.5,0.876246133,miRAW
trunc,512.0,BRMIL,test,64,2025,aupr,0.953619135,miRAW
trunc,512.0,BRMIL,test,64,2025,f1@0.5,0.877665927,miRAW
trunc,512.0,BRMIL,test,64,2026,aupr,0.949764509,miRAW
trunc,512.0,BRMIL,test,64,2026,f1@0.5,0.903105821,miRAW
trunc,512.0,BRMIL,test,128,2020,aupr,0.847879692,miRAW
trunc,512.0,BRMIL,test,128,2020,f1@0.5,0.894951284,miRAW
trunc,512.0,BRMIL,test,128,2025,aupr,0.968840208,miRAW
trunc,512.0,BRMIL,test,128,2025,f1@0.5,0.909895557,miRAW
trunc,512.0,BRMIL,test,128,2026,aupr,0.967450047,miRAW
trunc,512.0,BRMIL,test,128,2026,f1@0.5,0.929556185,miRAW
trunc,512.0,BRMIL,test,256,2020,aupr,0.924148317,miRAW
trunc,512.0,BRMIL,test,256,2020,f1@0.5,0.928808558,miRAW
trunc,512.0,BRMIL,test,256,2025,aupr,0.983331557,miRAW
trunc,512.0,BRMIL,test,256,2025,f1@0.5,0.942020983,miRAW
trunc,512.0,BRMIL,test,256,2026,aupr,0.98116389,miRAW
trunc,512.0,BRMIL,test,256,2026,f1@0.5,0.939283662,miRAW
trunc,512.0,BRMIL,test,512,2020,aupr,0.992504892,miRAW
trunc,512.0,BRMIL,test,512,2020,f1@0.5,0.958636538,miRAW
trunc,512.0,BRMIL,test,512,2025,aupr,0.994507907,miRAW
trunc,512.0,BRMIL,test,512,2025,f1@0.5,0.971721389,miRAW
trunc,512.0,BRMIL,test,512,2026,aupr,0.988919563,miRAW
trunc,512.0,BRMIL,test,512,2026,f1@0.5,0.948981571,miRAW
trunc,512.0,BRMIL,test,8,0,aupr,0.900609434,deepTargetPro
trunc,512.0,BRMIL,test,8,0,auroc,0.948440024,deepTargetPro
trunc,512.0,BRMIL,test,8,1,aupr,0.901500902,deepTargetPro
trunc,512.0,BRMIL,test,8,1,auroc,0.951410847,deepTargetPro
trunc,512.0,BRMIL,test,8,2,aupr,0.89609793,deepTargetPro
trunc,512.0,BRMIL,test,8,2,auroc,0.948046731,deepTargetPro
trunc,512.0,BRMIL,test,16,0,aupr,0.945487824,deepTargetPro
trunc,512.0,BRMIL,test,16,0,auroc,0.974810458,deepTargetPro
trunc,512.0,BRMIL,test,16,1,aupr,0.945198541,deepTargetPro
trunc,512.0,BRMIL,test,16,1,auroc,0.974005256,deepTargetPro
trunc,512.0,BRMIL,test,16,2,aupr,0.946990939,deepTargetPro
trunc,512.0,BRMIL,test,16,2,auroc,0.97645151,deepTargetPro
trunc,512.0,BRMIL,test,32,0,aupr,0.965022013,deepTargetPro
trunc,512.0,BRMIL,test,32,0,auroc,0.98627745,deepTargetPro
trunc,512.0,BRMIL,test,32,1,aupr,0.96582497,deepTargetPro
trunc,512.0,BRMIL,test,32,1,auroc,0.98329765,deepTargetPro
trunc,512.0,BRMIL,test,32,2,aupr,0.965627453,deepTargetPro
trunc,512.0,BRMIL,test,32,2,auroc,0.983148265,deepTargetPro
trunc,512.0,BRMIL,test,64,0,aupr,0.975190101,deepTargetPro
trunc,512.0,BRMIL,test,64,0,auroc,0.987933628,deepTargetPro
trunc,512.0,BRMIL,test,64,1,aupr,0.973063475,deepTargetPro
trunc,512.0,BRMIL,test,64,1,auroc,0.986987123,deepTargetPro
trunc,512.0,BRMIL,test,64,2,aupr,0.975878283,deepTargetPro
trunc,512.0,BRMIL,test,64,2,auroc,0.987776723,deepTargetPro
trunc,512.0,BRMIL,test,128,0,aupr,0.976289425,deepTargetPro
trunc,512.0,BRMIL,test,128,0,auroc,0.988739174,deepTargetPro
trunc,512.0,BRMIL,test,128,1,aupr,0.978210699,deepTargetPro
trunc,512.0,BRMIL,test,128,1,auroc,0.989815541,deepTargetPro
trunc,512.0,BRMIL,test,128,2,aupr,0.977971546,deepTargetPro
trunc,512.0,BRMIL,test,128,2,auroc,0.989913606,deepTargetPro
trunc,512.0,BRMIL,test,256,0,aupr,0.983042987,deepTargetPro
trunc,512.0,BRMIL,test,256,0,auroc,0.98912086,deepTargetPro
trunc,512.0,BRMIL,test,256,1,aupr,0.977735206,deepTargetPro
trunc,512.0,BRMIL,test,256,1,auroc,0.988509823,deepTargetPro
trunc,512.0,BRMIL,test,256,2,aupr,0.979991651,deepTargetPro
trunc,512.0,BRMIL,test,256,2,auroc,0.991423941,deepTargetPro
retrain,8.0,BRMIL,test,8,0,aupr,0.915103946,deepTargetPro
retrain,8.0,BRMIL,test,8,0,auroc,0.964366457,deepTargetPro
retrain,8.0,BRMIL,test,8,1,aupr,0.913327612,deepTargetPro
retrain,8.0,BRMIL,test,8,1,auroc,0.967049806,deepTargetPro
retrain,8.0,BRMIL,test,8,2,aupr,0.91724695,deepTargetPro
retrain,8.0,BRMIL,test,8,2,auroc,0.966856416,deepTargetPro
retrain,16.0,BRMIL,test,16,0,aupr,0.922007654,deepTargetPro
retrain,16.0,BRMIL,test,16,0,auroc,0.973327043,deepTargetPro
retrain,16.0,BRMIL,test,16,1,aupr,0.923963143,deepTargetPro
retrain,16.0,BRMIL,test,16,1,auroc,0.973302792,deepTargetPro
retrain,16.0,BRMIL,test,16,2,aupr,0.92585,deepTargetPro
retrain,16.0,BRMIL,test,16,2,auroc,0.973311625,deepTargetPro
retrain,32.0,BRMIL,test,32,0,aupr,0.944247063,deepTargetPro
retrain,32.0,BRMIL,test,32,0,auroc,0.984031485,deepTargetPro
retrain,32.0,BRMIL,test,32,1,aupr,0.943272577,deepTargetPro
retrain,32.0,BRMIL,test,32,1,auroc,0.985046162,deepTargetPro
retrain,32.0,BRMIL,test,32,2,aupr,0.938906889,deepTargetPro
retrain,32.0,BRMIL,test,32,2,auroc,0.983334435,deepTargetPro
retrain,64.0,BRMIL,test,64,0,aupr,0.956592767,deepTargetPro
retrain,64.0,BRMIL,test,64,0,auroc,0.989804187,deepTargetPro
retrain,64.0,BRMIL,test,64,1,aupr,0.957080843,deepTargetPro
retrain,64.0,BRMIL,test,64,1,auroc,0.993645061,deepTargetPro
retrain,64.0,BRMIL,test,64,2,aupr,0.955604121,deepTargetPro
retrain,64.0,BRMIL,test,64,2,auroc,0.992697068,deepTargetPro
retrain,128.0,BRMIL,test,128,0,aupr,0.938406439,deepTargetPro
retrain,128.0,BRMIL,test,128,0,auroc,0.984210691,deepTargetPro
retrain,128.0,BRMIL,test,128,1,aupr,0.943020496,deepTargetPro
retrain,128.0,BRMIL,test,128,1,auroc,0.985868684,deepTargetPro
retrain,128.0,BRMIL,test,128,2,aupr,0.94439168,deepTargetPro
retrain,128.0,BRMIL,test,128,2,auroc,0.986241509,deepTargetPro
retrain,256.0,BRMIL,test,256,0,aupr,0.924799575,deepTargetPro
retrain,256.0,BRMIL,test,256,0,auroc,0.974809867,deepTargetPro
retrain,256.0,BRMIL,test,256,1,aupr,0.927816327,deepTargetPro
retrain,256.0,BRMIL,test,256,1,auroc,0.975297752,deepTargetPro
retrain,256.0,BRMIL,test,256,2,aupr,0.922482172,deepTargetPro
retrain,256.0,BRMIL,test,256,2,auroc,0.973602183,deepTargetPro
maxpool,,TargetNet_like_maxpool,test,8,0,aupr,0.825480548,deepTargetPro
maxpool,,TargetNet_like_maxpool,test,8,0,auroc,0.902497729,deepTargetPro
maxpool,,TargetNet_like_maxpool,test,8,1,aupr,0.826542426,deepTargetPro
maxpool,,TargetNet_like_maxpool,test,8,1,auroc,0.902652388,deepTargetPro
maxpool,,TargetNet_like_maxpool,test,8,2,aupr,0.825972747,deepTargetPro
maxpool,,TargetNet_like_maxpool,test,8,2,auroc,0.902226832,deepTargetPro
maxpool,,TargetNet_like_maxpool,test,16,0,aupr,0.82702559,deepTargetPro
maxpool,,TargetNet_like_maxpool,test,16,0,auroc,0.901852523,deepTargetPro
maxpool,,TargetNet_like_maxpool,test,16,1,aupr,0.826856775,deepTargetPro
maxpool,,TargetNet_like_maxpool,test,16,1,auroc,0.901570459,deepTargetPro
maxpool,,TargetNet_like_maxpool,test,16,2,aupr,0.826036946,deepTargetPro
maxpool,,TargetNet_like_maxpool,test,16,2,auroc,0.90179461,deepTargetPro
maxpool,,TargetNet_like_maxpool,test,32,0,aupr,0.82520416,deepTargetPro
maxpool,,TargetNet_like_maxpool,test,32,0,auroc,0.902489578,deepTargetPro
maxpool,,TargetNet_like_maxpool,test,32,1,aupr,0.825930598,deepTargetPro
maxpool,,TargetNet_like_maxpool,test,32,1,auroc,0.902109995,deepTargetPro
maxpool,,TargetNet_like_maxpool,test,32,2,aupr,0.826880747,deepTargetPro
maxpool,,TargetNet_like_maxpool,test,32,2,auroc,0.902457225,deepTargetPro
maxpool,,TargetNet_like_maxpool,test,64,0,aupr,0.827065385,deepTargetPro
maxpool,,TargetNet_like_maxpool,test,64,0,auroc,0.902021212,deepTargetPro
maxpool,,TargetNet_like_maxpool,test,64,1,aupr,0.825976702,deepTargetPro
maxpool,,TargetNet_like_maxpool,test,64,1,auroc,0.902036225,deepTargetPro
maxpool,,TargetNet_like_maxpool,test,64,2,aupr,0.824712666,deepTargetPro
maxpool,,TargetNet_like_maxpool,test,64,2,auroc,0.90094231,deepTargetPro
maxpool,,TargetNet_like_maxpool,test,128,0,aupr,0.8250773,deepTargetPro
maxpool,,TargetNet_like_maxpool,test,128,0,auroc,0.901302203,deepTargetPro
maxpool,,TargetNet_like_maxpool,test,128,1,aupr,0.826799774,deepTargetPro
maxpool,,TargetNet_like_maxpool,test,128,1,auroc,0.901375617,deepTargetPro
maxpool,,TargetNet_like_maxpool,test,128,2,aupr,0.826021837,deepTargetPro
maxpool,,TargetNet_like_maxpool,test,128,2,auroc,0.903139383,deepTargetPro
maxpool,,TargetNet_like_maxpool,test,256,0,aupr,0.826043736,deepTargetPro
maxpool,,TargetNet_like_maxpool,test,256,0,auroc,0.902690012,deepTargetPro
maxpool,,TargetNet_like_maxpool,test,256,1,aupr,0.825466382,deepTargetPro
maxpool,,TargetNet_like_maxpool,test,256,1,auroc,0.90193565,deepTargetPro
maxpool,,TargetNet_like_maxpool,test,256,2,aupr,0.825449978,deepTargetPro
maxpool,,TargetNet_like_maxpool,test,256,2,auroc,0.901828774,deepTargetPro
retrain,64.0,BRMIL,test,64,2020,aupr,0.8295,MTI
retrain,64.0,BRMIL,test,64,2020,f1@0.5,0.7708,MTI
retrain,128.0,BRMIL,test,128,2020,aupr,0.8602,MTI
retrain,128.0,BRMIL,test,128,2020,f1@0.5,0.7795,MTI
retrain,256.0,BRMIL,test,256,2020,aupr,0.8585,MTI
retrain,256.0,BRMIL,test,256,2020,f1@0.5,0.7857,MTI
retrain,512.0,BRMIL,test,512,2020,aupr,0.8729,MTI
retrain,512.0,BRMIL,test,512,2020,f1@0.5,0.7914,MTI
